AAPL,WMT,IBM,MU,BA,AXP
98.21358489990234,55.49629211425781,112.82196044921875,14.329999923706055,125.03923034667969,62.817626953125
95.7524185180664,56.81462097167969,112.73897552490234,14.819999694824219,125.54651641845703,61.851078033447266
93.87858581542969,57.38349914550781,112.17466735839844,14.220000267028809,123.55300903320312,60.13349533081055
89.91647338867188,58.719879150390625,110.25763702392578,13.65999984741211,118.37342834472656,59.59208679199219
90.39190673828125,57.37446594238281,109.23689270019531,13.329999923706055,115.68577575683594,59.396053314208984
91.8555679321289,57.988487243652344,110.5646743774414,12.529999732971191,115.88158416748047,59.788108825683594
93.18870544433594,57.44670104980469,110.29081726074219,12.720000267028809,117.40338134765625,60.11481857299805
90.79279327392578,55.911651611328125,108.8551254272461,12.0600004196167,114.02153015136719,58.667964935302734
92.77849578857422,56.941043853759766,110.29913330078125,12.020000457763672,114.98269653320312,59.07868957519531
90.5504150390625,55.920692443847656,107.9090576171875,11.079999923706055,111.80554962158203,58.72397232055664
90.11225128173828,56.48957061767578,106.31570434570312,10.800000190734863,112.18821716308594,58.47193145751953
90.23343658447266,54.93645477294922,101.12896728515625,10.050000190734863,108.6996078491211,58.835975646972656
89.77662658691406,55.87554931640625,102.0003433227539,10.850000381469727,109.82095336914062,58.47193145751953
94.54981231689453,56.6069450378418,101.66010284423828,11.069999694824219,110.89778900146484,51.39630889892578
92.70393371582031,57.29320526123047,101.31153106689453,10.479999542236328,110.36381530761719,51.35895919799805
93.21665954589844,57.789825439453125,101.73477935791016,10.550000190734863,113.92364501953125,51.424312591552734
87.09172821044922,57.74468994140625,100.382080078125,10.390000343322754,103.75141143798828,50.89223861694336
87.7163314819336,57.988487243652344,101.427734375,9.890000343322754,105.02407836914062,49.361366271972656
90.74617767333984,59.92083740234375,103.56050872802734,11.029999732971191,106.9107666015625,49.94011306762695
89.8978271484375,60.95021438598633,103.59370422363281,10.960000038146973,108.18342590332031,51.06025695800781
88.07992553710938,60.3723258972168,102.02525329589844,10.59000015258789,104.58797454833984,50.08946228027344
89.8232421875,59.83955764770508,103.50242614746094,10.760000228881836,108.45930480957031,50.509517669677734
90.54499053955078,59.97500991821289,105.9339599609375,11.229999542236328,110.00784301757812,50.76155090332031
88.12669372558594,60.49873733520508,106.69745635986328,11.0,109.07337951660156,50.3881721496582
89.05465698242188,60.408424377441406,106.45433044433594,10.170000076293945,106.32339477539062,48.91330337524414
89.03590393066406,59.424190521240234,104.01471710205078,9.979999542236328,105.79833984375,49.12799835205078
88.36102294921875,59.40614318847656,100.76190185546875,9.899999618530273,104.51390838623047,48.810630798339844
87.82674407958984,58.98174285888672,98.80014038085938,9.6899995803833,97.40022277832031,47.70914077758789
88.09857177734375,59.75830841064453,101.47449493408203,10.020000457763672,97.57086944580078,49.156002044677734
90.58246612548828,59.505470275878906,102.89969635009766,10.8100004196167,101.13670349121094,49.64140319824219
91.96971130371094,59.695091247558594,105.7165756225586,11.430000305175781,104.4959487915039,50.042789459228516
90.22628784179688,57.898189544677734,111.04012298583984,11.489999771118164,105.60072326660156,50.54685974121094
90.02007293701172,58.38579177856445,111.56829071044922,11.15999984741211,103.43609619140625,51.06959915161133
90.80741119384766,59.26166534423828,112.14676666259766,11.050000190734863,105.43904876708984,51.92838668823242
88.75467681884766,60.029170989990234,110.99821472167969,10.489999771118164,104.9989242553711,51.44297790527344
90.07630920410156,60.60708236694336,111.33354949951172,10.640000343322754,103.82230377197266,51.00424575805664
90.6949462890625,61.43781280517578,112.7587661743164,10.720000267028809,104.92707061767578,51.704349517822266
90.8355484008789,60.056270599365234,110.6880111694336,10.699999809265137,106.13066864013672,51.69501495361328
90.62934112548828,59.90277099609375,109.84966278076172,10.630000114440918,106.14862060546875,51.88170623779297
94.22864532470703,60.0111198425293,112.64976501464844,11.069999694824219,107.74742126464844,53.02052688598633
94.43485260009766,59.7853889465332,114.26778411865234,11.680000305175781,107.468994140625,53.319236755371094
95.13784790039062,59.7221794128418,115.52529907226562,11.789999961853027,107.43304443359375,54.22468566894531
96.55318450927734,60.30007553100586,115.52529907226562,11.880000114440918,108.74440002441406,54.41138458251953
95.48465728759766,61.3023681640625,117.49545288085938,11.579999923706055,110.38811492919922,55.07414627075195
94.69730377197266,61.43781280517578,116.59003448486328,10.65999984741211,109.89409637451172,55.47553253173828
94.78165435791016,61.42871856689453,117.71343231201172,10.8100004196167,110.3521728515625,55.12080764770508
94.82852935791016,61.3195686340332,117.52900695800781,10.880000114440918,110.42402648925781,54.84076690673828
95.8501968383789,61.10124969482422,119.34823608398438,11.390000343322754,111.94197845458984,55.50352478027344
96.09391021728516,61.274078369140625,119.7003173828125,11.149999618530273,113.47789001464844,55.6062126159668
98.0247802734375,61.938114166259766,119.85123443603516,10.850000381469727,113.49586486816406,55.28883361816406
99.3276596069336,61.84716796875,121.38543701171875,10.720000267028809,114.58268737792969,55.72756576538086
99.16829681396484,61.35593795776367,123.271728515625,10.869999885559082,117.3940200805664,56.08228302001953
99.28077697753906,60.90110778808594,123.31365966796875,11.140000343322754,120.3221435546875,57.146419525146484
99.27140808105469,61.8289680480957,124.60472106933594,11.529999732971191,122.02870178222656,57.137081146240234
100.03065490722656,61.73798751831055,124.16038513183594,11.4399995803833,121.36405181884766,56.577003479003906
99.47762298583984,61.36504364013672,121.8968276977539,10.649999618530273,119.3341293334961,56.59568786621094
99.04645538330078,61.856239318847656,124.03462982177734,10.5,118.66944885253906,56.446327209472656
98.59654998779297,61.96541976928711,124.41188049316406,10.380000114440918,117.92394256591797,56.26897048950195
100.93046569824219,61.883544921875,125.19156646728516,10.449999809265137,117.55570220947266,56.56767654418945
102.69261932373047,62.583980560302734,124.42028045654297,10.479999542236328,115.48986053466797,56.27830505371094
102.15835571289062,62.301979064941406,126.96891021728516,10.470000267028809,114.01679992675781,57.31444549560547
103.09566497802734,62.82048797607422,127.86592102050781,11.029999732971191,114.03477478027344,57.0344123840332
104.15483856201172,62.856876373291016,127.4886245727539,10.800000190734863,113.47789001464844,56.58634948730469
102.92696380615234,62.43842315673828,125.75322723388672,10.399999618530273,114.09765625,56.18496322631836
104.0048599243164,62.80229187011719,125.77003479003906,10.470000267028809,114.9060287475586,56.166194915771484
101.73655700683594,62.05638122558594,124.28614807128906,10.510000228881836,114.07071685791016,55.20946502685547
101.84904479980469,61.91082763671875,125.20834350585938,10.720000267028809,114.8611068725586,55.80977249145508
102.18647003173828,61.310462951660156,125.12448120117188,10.449999809265137,114.8880615234375,56.09115982055664
103.51747131347656,62.583980560302734,125.44306182861328,10.170000076293945,116.28925323486328,56.91658020019531
105.01717376708984,62.90235900878906,126.78441619873047,10.880000114440918,117.7892074584961,58.30479431152344
105.07341003417969,62.583980560302734,126.72576904296875,10.399999618530273,117.52873992919922,58.633079528808594
102.96444702148438,62.82048797607422,127.19523620605469,10.6899995803833,117.78022766113281,58.286033630371094
100.74299621582031,63.5482063293457,127.87429809570312,10.890000343322754,118.53475952148438,58.7081184387207
100.208740234375,63.466331481933594,120.72315216064453,10.720000267028809,119.17243194580078,59.62733840942383
100.41494750976562,62.9569206237793,122.49207305908203,10.75,117.27726745605469,60.987403869628906
99.3276596069336,62.28377914428711,125.16641998291016,10.649999618530273,117.42994689941406,61.54083251953125
99.05583190917969,62.511199951171875,124.4957275390625,10.65999984741211,117.70838928222656,61.84096908569336
98.49344635009766,63.19343185424805,124.75564575195312,10.550000190734863,117.43893432617188,61.62522888183594
97.80919647216797,63.03880310058594,124.98197937011719,11.510000228881836,119.67542266845703,62.094242095947266
91.68851470947266,63.147953033447266,126.14730072021484,11.5600004196167,123.12450408935547,62.12235641479492
88.88593292236328,62.68404006958008,123.29689025878906,11.619999885559082,121.07661437988281,61.756553649902344
87.8642349243164,60.82835388183594,122.34953308105469,10.75,121.07661437988281,61.371986389160156
87.77051544189453,61.4832878112793,121.787841796875,10.619999885559082,120.36701965332031,61.606468200683594
89.21397399902344,60.94660568237305,120.83210754394531,10.359999656677246,119.00179290771484,60.827945709228516
88.2860336303711,61.11942672729492,120.93272399902344,10.0,117.56468963623047,60.27455139160156
87.92769622802734,61.13762283325195,122.79386138916016,10.0600004196167,118.63355255126953,59.955631256103516
87.43732452392578,62.08366775512695,124.67294311523438,9.989999771118164,119.69338989257812,60.50904846191406
87.5033187866211,62.72041702270508,125.912109375,9.869999885559082,118.65151977539062,60.01191329956055
88.09742736816406,62.57487106323242,128.1596221923828,10.09000015258789,121.0047836303711,60.818565368652344
87.23927307128906,60.85221481323242,127.28792572021484,10.100000381469727,120.43428802490234,60.584075927734375
85.19290924072266,61.25537872314453,127.19396209716797,9.630000114440918,121.72013854980469,60.34959030151367
85.36265563964844,59.50522994995117,126.23680114746094,9.5600004196167,119.63742065429688,60.14323425292969
88.5312271118164,60.49484634399414,127.72377014160156,9.680000305175781,121.46659088134766,60.096336364746094
88.16344451904297,59.6518440246582,126.47610473632812,9.670000076293945,120.03585052490234,58.86757278442383
89.17247772216797,57.86503601074219,125.912109375,10.050000190734863,118.61419677734375,59.5804443359375
88.8329849243164,63.40871810913086,123.85258483886719,10.069999694824219,115.97911834716797,58.84882354736328
89.79486846923828,64.01348114013672,125.83518981933594,10.800000190734863,115.35431671142578,59.955631256103516
90.9359359741211,63.68360137939453,125.42497253417969,11.140000343322754,115.52637481689453,59.64609909057617
92.32218933105469,64.3616714477539,126.74103546142578,11.489999771118164,115.45391082763672,60.84672164916992
93.94420623779297,64.58159637451172,129.6294403076172,11.600000381469727,116.68541717529297,61.259422302246094
94.68917846679688,64.9206314086914,130.27040100097656,11.949999809265137,117.09291076660156,61.18440246582031
94.63259887695312,64.82901000976562,130.61221313476562,12.3100004196167,117.01141357421875,61.45638656616211
94.17052459716797,64.85649871826172,131.38133239746094,12.720000267028809,114.23147583007812,61.681522369384766
92.85027313232422,64.59992980957031,130.33023071289062,13.09000015258789,114.46690368652344,61.82221603393555
92.15245819091797,65.01224517822266,131.17620849609375,13.109999656677246,114.86532592773438,62.29120635986328
92.34104919433594,64.93898010253906,130.65496826171875,12.859999656677246,115.34525299072266,61.428260803222656
93.01058959960938,65.1039047241211,130.5182342529297,12.770000457763672,119.43821716308594,61.8503532409668
93.38780975341797,65.08556365966797,131.0309600830078,13.0,119.46537017822266,61.80345153808594
93.30293273925781,65.31465911865234,131.60350036621094,12.579999923706055,120.43428802490234,62.150516510009766
93.97248077392578,65.14055633544922,131.10784912109375,12.510000228881836,120.52484893798828,61.63462829589844
93.19921112060547,65.18635559082031,130.2105712890625,12.140000343322754,118.74999237060547,60.94051742553711
91.79408264160156,64.6274185180664,129.27908325195312,12.050000190734863,117.64529418945312,59.72113800048828
91.90725708007812,65.01224517822266,129.09107971191406,11.920000076293945,118.17049407958984,57.28239822387695
91.60548400878906,65.16803741455078,128.766357421875,12.020000457763672,117.86260223388672,57.610679626464844
91.99214935302734,65.33296203613281,129.09107971191406,11.949999809265137,117.14723205566406,58.08905029296875
89.89860534667969,65.01224517822266,129.88583374023438,12.199999809265137,117.55474853515625,58.023399353027344
89.68171691894531,65.14971160888672,131.27023315429688,12.319999694824219,120.20790100097656,58.43610382080078
90.445556640625,65.47957611083984,131.64625549316406,12.75,119.09410858154297,58.42672348022461
90.10609436035156,65.74531555175781,130.68060302734375,12.720000267028809,119.32051086425781,58.10780715942383
90.62474060058594,66.06602478027344,132.75717163085938,14.050000190734863,120.93233489990234,59.32719421386719
88.07858276367188,65.937744140625,125.27117156982422,13.210000038146973,114.5665054321289,56.335044860839844
86.7960433959961,65.51624298095703,122.63056182861328,12.229999542236328,111.107421875,54.093265533447266
88.25775146484375,65.5254135131836,124.51058959960938,12.989999771118164,112.18498229980469,54.308998107910156
89.02159118652344,66.39588928222656,126.86918640136719,13.1899995803833,114.99211120605469,56.213253021240234
90.1532211303711,66.90901947021484,129.70635986328125,13.760000228881836,117.60001373291016,57.278499603271484
90.42669677734375,66.71661376953125,130.1934814453125,12.5,117.43701171875,57.212520599365234
89.57799530029297,67.01898956298828,129.6209259033203,11.90999984741211,114.9739990234375,55.7607536315918
90.08722686767578,67.64205932617188,130.2105712890625,11.729999542236328,114.96493530273438,56.07184982299805
90.47386932373047,67.3763427734375,130.40711975097656,12.199999809265137,115.15509796142578,56.382938385009766
91.17170715332031,67.660400390625,131.9966278076172,12.619999885559082,117.79922485351562,57.966678619384766
91.4546127319336,67.86198425292969,132.7401123046875,12.640000343322754,119.56499481201172,58.59829330444336
91.86954498291016,67.13809967041016,134.20140075683594,13.229999542236328,118.45118713378906,59.39015197753906
91.35086059570312,67.45882415771484,135.0388946533203,13.289999961853027,117.81732940673828,59.484432220458984
93.16149139404297,67.5321044921875,136.97019958496094,13.289999961853027,119.12128448486328,59.9652099609375
93.15206146240234,67.50462341308594,136.54293823242188,13.130000114440918,119.88191223144531,60.125465393066406
94.1422348022461,67.660400390625,136.6112823486328,13.34000015258789,120.82366180419922,60.323429107666016
94.1799545288086,67.49549102783203,136.37200927734375,13.220000267028809,121.93744659423828,60.48368835449219
94.26483154296875,67.61458587646484,137.89315795898438,13.59000015258789,121.99180603027344,60.785362243652344
93.76502990722656,67.36717987060547,137.11549377441406,13.180000305175781,120.91421508789062,59.79552459716797
93.03889465332031,67.39468383789062,138.49986267089844,13.130000114440918,120.85987091064453,60.59681701660156
91.79408264160156,67.57794189453125,138.9955291748047,13.920000076293945,120.37995147705078,60.64395523071289
91.16226959228516,67.55961608886719,138.5426025390625,14.670000076293945,122.10950469970703,60.681663513183594
97.08444213867188,67.18390655517578,138.2947998046875,14.1899995803833,123.11463165283203,60.88904571533203
98.39525604248047,67.11060333251953,137.9016876220703,13.8100004196167,120.44331359863281,61.07759475708008
98.2726821899414,66.86321258544922,137.26075744628906,13.739999771118164,121.03193664550781,60.76649856567383
100.0078353881836,67.60541534423828,137.97006225585938,13.5600004196167,120.62444305419922,60.45541000366211
98.52730560302734,67.00982666015625,137.22657775878906,13.399999618530273,119.16656494140625,59.833229064941406
99.76266479492188,66.8357162475586,137.303466796875,13.510000228881836,119.41106414794922,60.17259979248047
100.37894439697266,67.16559600830078,138.0554962158203,14.029999732971191,118.81340789794922,60.27629852294922
101.90543365478516,67.58708953857422,139.721923828125,14.520000457763672,119.28426361083984,61.7657470703125
102.74928283691406,67.20223236083984,139.67019653320312,14.420000076293945,119.7008285522461,62.05801010131836
103.16645050048828,67.38551330566406,139.43748474121094,14.479999542236328,120.0901870727539,61.64321517944336
102.39848327636719,68.22505950927734,139.7046661376953,14.199999809265137,120.77495574951172,61.030452728271484
102.33209991455078,68.086669921875,140.9545135498047,14.430000305175781,121.43230438232422,61.728065490722656
102.56913757324219,68.16969299316406,139.59262084960938,14.930000305175781,121.52362823486328,61.633785247802734
103.8017349243164,67.64381408691406,139.53228759765625,15.529999732971191,122.94795989990234,61.86945724487305
103.70689392089844,67.24711608886719,138.5151824951172,15.489999771118164,123.25837707519531,61.55836486816406
103.55518341064453,67.28401947021484,138.29107666015625,15.520000457763672,123.00275421142578,61.916587829589844
103.42245483398438,68.54796600341797,139.0841064453125,15.770000457763672,123.25837707519531,61.86945724487305
103.68793487548828,67.17332458496094,137.9462890625,16.25,122.7470703125,61.77519607543945
102.88201904296875,67.07183074951172,137.91183471679688,16.190000534057617,123.2492446899414,61.61493682861328
103.20437622070312,66.39834594726562,138.1359405517578,16.18000030517578,122.47317504882812,61.916587829589844
102.42691040039062,66.63822937011719,137.09298706054688,15.510000228881836,121.69710540771484,61.4264030456543
101.99078369140625,65.70640563964844,136.73095703125,16.200000762939453,121.4140625,61.27555465698242
101.3934326171875,65.6325912475586,136.46376037597656,16.510000228881836,120.72930145263672,61.07759475708008
101.27967071533203,65.87247467041016,137.67047119140625,16.90999984741211,121.34103393554688,61.7657470703125
100.50221252441406,65.78944396972656,137.3946533203125,16.739999771118164,119.43280792236328,61.69976806640625
100.5970230102539,65.90937805175781,136.94642639160156,16.489999771118164,118.19109344482422,61.82231521606445
101.19434356689453,67.20098876953125,137.51535034179688,16.639999389648438,118.60195922851562,61.143585205078125
102.1424789428711,66.8873291015625,137.52395629882812,16.700000762939453,119.75238037109375,61.454673767089844
102.11402893066406,67.34860229492188,138.2135009765625,17.010000228881836,121.42318725585938,61.99201965332031
102.73979187011719,66.48137664794922,139.325439453125,17.15999984741211,121.10365295410156,62.397377014160156
100.04710388183594,66.26919555664062,137.04986572265625,17.450000762939453,121.34103393554688,62.44450378417969
97.78105926513672,64.8576431274414,134.19683837890625,16.809999465942383,117.35111236572266,61.3886833190918
99.97125244140625,66.37068176269531,136.43788146972656,17.149999618530273,118.80282592773438,62.12398910522461
102.35105895996094,65.92782592773438,134.30026245117188,16.75,117.56111145019531,60.6722297668457
105.97293853759766,65.9831771850586,132.78323364257812,16.93000030517578,116.56590270996094,59.842655181884766
109.57585144042969,66.79505920410156,134.17098999023438,17.450000762939453,116.6572036743164,60.17259979248047
108.95956420898438,67.22866821289062,132.60223388671875,17.479999542236328,115.6802749633789,60.0123405456543
107.68905639648438,66.50904846191406,133.49005126953125,16.950000762939453,116.39244079589844,60.38941955566406
107.67958068847656,66.39834594726562,133.12799072265625,16.920000076293945,116.67547607421875,60.06889724731445
107.66061401367188,66.60131072998047,134.05892944335938,17.65999984741211,119.20455169677734,60.59681701660156
108.67513275146484,66.67511749267578,134.558837890625,17.59000015258789,120.40061950683594,60.9267578125
106.86417388916016,66.74891662597656,133.58485412597656,17.479999542236328,120.31843566894531,60.19145584106445
107.0253677368164,66.07544708251953,132.722900390625,17.360000610351562,119.21366882324219,59.786094665527344
107.22447967529297,66.73046875,135.12774658203125,18.0,119.89845275878906,60.59681701660156
108.03986358642578,66.23228454589844,136.43788146972656,17.440000534057617,120.72930145263672,60.540260314941406
106.36168670654297,65.25434875488281,136.2827606201172,17.540000915527344,119.6336669921875,59.73896026611328
107.18655395507812,66.53672790527344,136.9206085205078,17.780000686645508,120.28192138671875,60.370567321777344
106.68403625488281,66.43524932861328,135.85179138183594,17.729999542236328,120.86624908447266,60.15375518798828
107.1391372680664,66.19538116455078,134.8605499267578,17.799999237060547,120.74756622314453,60.24801254272461
107.18655395507812,66.1215591430664,135.3949432373047,17.700000762939453,122.94795989990234,60.97754669189453
107.98298645019531,63.99040222167969,135.22256469726562,17.729999542236328,122.72881317138672,58.68472671508789
108.14415740966797,63.38148880004883,134.17959594726562,17.610000610351562,122.20838928222656,58.514190673828125
110.03095245361328,62.71724319458008,135.34320068359375,17.5,124.02532196044922,58.64683532714844
110.26797485351562,62.17290496826172,133.42108154296875,16.860000610351562,122.10797882080078,57.66149139404297
111.25403594970703,62.23749542236328,132.99009704589844,16.780000686645508,121.57841491699219,57.500423431396484
110.9127197265625,62.94789123535156,132.49876403808594,16.850000381469727,121.779296875,57.23514938354492
111.52898406982422,63.150848388671875,133.12799072265625,17.1299991607666,121.88887023925781,56.98881149291992
111.45313262939453,62.938663482666016,133.40383911132812,16.989999771118164,122.34538269042969,56.751949310302734
111.37730407714844,63.53833770751953,129.91293334960938,17.40999984741211,123.34972381591797,56.9224853515625
111.04544830322266,63.55678939819336,130.37838745117188,17.219999313354492,124.33575439453125,58.03099060058594
110.98857879638672,63.4091796875,130.6024932861328,17.200000762939453,124.02532196044922,63.27036666870117
110.55242156982422,63.04935073852539,128.97340393066406,16.940000534057617,123.83360290527344,63.81987762451172
111.5479507446289,63.83356475830078,129.7836456298828,17.059999465942383,125.49530029296875,63.5640754699707
112.11682891845703,63.99040222167969,130.0508575439453,17.540000915527344,126.92877197265625,63.232460021972656
109.59480285644531,64.20259094238281,130.85247802734375,17.639999389648438,132.8816680908203,63.289306640625
108.54236602783203,64.42400360107422,132.1798858642578,17.530000686645508,130.84561157226562,63.4124755859375
107.82178497314453,64.57162475585938,131.5420379638672,17.200000762939453,130.57171630859375,62.95769119262695
107.651123046875,64.59930419921875,132.47293090820312,17.15999984741211,130.0421600341797,62.92927551269531
105.70744323730469,63.93505096435547,131.69715881347656,16.979999542236328,130.02391052246094,62.768211364746094
105.80226135253906,64.07343292236328,130.97312927246094,16.68000030517578,128.50828552246094,62.0102653503418
104.66822052001953,64.23949432373047,131.33514404296875,16.6200008392334,127.84175872802734,61.89657211303711
103.72472381591797,63.8058967590332,131.38687133789062,16.68000030517578,127.4035415649414,62.06711196899414
105.22093200683594,64.37789154052734,134.22268676757812,17.3799991607666,130.5899658203125,63.47880172729492
105.84037780761719,64.38711547851562,134.9619903564453,17.40999984741211,130.8291778564453,63.54512023925781
105.66886138916016,65.595703125,134.6488494873047,17.200000762939453,134.51918029785156,65.12735748291016
102.72408294677734,65.86325073242188,139.3542938232422,16.989999771118164,136.92977905273438,66.42536163330078
103.3340072631836,65.71562957763672,140.26760864257812,17.670000076293945,137.69931030273438,66.79486846923828
100.74183654785156,65.03291320800781,137.60609436035156,17.709999084472656,139.0622100830078,68.61395263671875
102.0760498046875,65.89091491699219,138.00616455078125,18.100000381469727,137.31918334960938,68.66133880615234
104.82067108154297,65.86325073242188,138.54539489746094,18.239999771118164,135.7708740234375,67.912841796875
104.78254699707031,63.83356475830078,138.98902893066406,19.18000030517578,134.74172973632812,68.00758361816406
104.88740539550781,63.23388671875,139.502197265625,19.209999084472656,135.6874237060547,67.2685775756836
106.47891235351562,63.999637603759766,141.5722198486328,19.489999771118164,136.30860900878906,67.78019714355469
106.54560852050781,64.69157409667969,141.4852752685547,19.739999771118164,138.62646484375,67.95075225830078
106.00240325927734,65.34660339355469,140.88511657714844,19.90999984741211,138.8304443359375,69.04977416992188
106.53608703613281,65.71562957763672,141.89405822753906,20.1299991607666,139.1085662841797,69.03083038330078
106.326416015625,65.67871856689453,143.09429931640625,19.989999771118164,138.85824584960938,68.33917999267578
106.22160339355469,65.84480285644531,142.23324584960938,19.420000076293945,140.5919952392578,67.73281860351562
105.32576751708984,64.9775619506836,141.0938720703125,19.530000686645508,139.59071350097656,68.2539291381836
104.34417724609375,65.19898986816406,139.0063934326172,18.479999542236328,141.28738403320312,68.7181625366211
104.73490142822266,65.39273071289062,139.1803741455078,18.790000915527344,141.15756225585938,68.08338928222656
103.98204803466797,64.52549743652344,139.02383422851562,18.610000610351562,141.07411193847656,68.24443817138672
104.78254699707031,64.91297912597656,139.46737670898438,19.059999465942383,141.14828491210938,68.50973510742188
105.81182098388672,65.60057830810547,143.32916259765625,20.440000534057617,142.90985107421875,70.38567352294922
106.85057830810547,65.35899353027344,143.8249053955078,20.65999984741211,144.06878662109375,70.97308349609375
108.59456634521484,65.1174087524414,144.83387756347656,20.5,145.08865356445312,70.84044647216797
107.9751205444336,66.59481048583984,143.94668579101562,20.020000457763672,145.70982360839844,69.71300506591797
109.77630615234375,66.71558380126953,146.37335205078125,20.1299991607666,145.24627685546875,69.95932006835938
109.77630615234375,66.2881851196289,146.56471252441406,20.020000457763672,143.2157745361328,70.1772232055664
110.37667846679688,66.04659271240234,146.1385040283203,20.290000915527344,142.56683349609375,71.00151062011719
110.5196304321289,65.95367431640625,145.0165252685547,20.270000457763672,143.24365234375,71.05835723876953
111.15814971923828,66.51118469238281,144.97299194335938,20.350000381469727,144.80123901367188,70.63201141357422
111.45357513427734,66.73419189453125,145.77322387695312,20.649999618530273,144.9959259033203,71.11520385742188
111.55841064453125,66.19525909423828,145.53834533691406,20.579999923706055,146.00648498535156,71.36153411865234
110.82459259033203,64.66210174560547,145.3035125732422,23.190000534057617,145.98797607421875,70.66043090820312
111.04377746582031,64.61565399169922,144.99913024902344,23.260000228881836,146.31248474121094,71.02993774414062
111.7490005493164,64.76431274414062,145.37310791015625,23.299999237060547,146.00648498535156,71.03941345214844
111.27250671386719,64.40193939208984,144.5468292236328,22.780000686645508,144.7270965576172,70.46147155761719
111.2439193725586,64.35548400878906,144.9034423828125,22.270000457763672,144.34693908691406,70.03511810302734
110.37667846679688,64.22538757324219,144.37289428710938,21.920000076293945,144.33763122558594,70.18670654296875
110.69115447998047,63.79795837402344,145.4166259765625,22.549999237060547,145.53367614746094,71.38996124267578
110.56727600097656,64.16963195800781,147.217041015625,22.360000610351562,147.0634765625,72.56028747558594
111.12956237792969,64.30899810791016,146.72994995117188,22.110000610351562,147.1469268798828,71.66588592529297
112.36846923828125,63.42628479003906,147.45184326171875,22.040000915527344,147.50851440429688,71.8086166381836
113.39769744873047,63.844417572021484,145.81668090820312,22.34000015258789,146.78530883789062,72.1796875
113.51206970214844,63.39842224121094,143.964111328125,22.479999542236328,147.4806671142578,72.9313735961914
114.12198638916016,63.677154541015625,145.9036407470703,22.790000915527344,147.78660583496094,73.17875671386719
113.64545440673828,63.15683364868164,146.07763671875,22.309999465942383,146.7574920654297,73.15020751953125
113.44534301757812,62.37630844116211,145.5470733642578,22.18000030517578,147.25814819335938,72.90283203125
114.36023712158203,63.57495880126953,146.0254364013672,21.739999771118164,146.18267822265625,72.88379669189453
114.35069274902344,63.286903381347656,145.07737731933594,22.31999969482422,146.78530883789062,73.73060607910156
114.15055847167969,62.83161544799805,145.08609008789062,21.709999084472656,147.41574096679688,72.96942138671875
114.36023712158203,62.42276382446289,148.33901977539062,21.959999084472656,147.9071807861328,72.50320434570312
114.43647766113281,61.930294036865234,148.75653076171875,21.889999389648438,146.3402862548828,72.28434753417969
114.33164978027344,62.6271858215332,152.99227905273438,22.850000381469727,148.85284423828125,73.67353820800781
116.1518783569336,62.15330505371094,155.07101440429688,23.559999465942383,155.16668701171875,73.15974426269531
116.20904541015625,62.004634857177734,155.39283752441406,23.520000457763672,156.79844665527344,73.1977767944336
116.21858215332031,61.01041030883789,154.20994567871094,23.969999313354492,155.48191833496094,73.1216812133789
115.91360473632812,61.71658706665039,152.90533447265625,24.18000030517578,153.50709533691406,73.53080749511719
115.64677429199219,62.01390838623047,151.79200744628906,24.110000610351562,151.5137481689453,72.6744613647461
122.69898986816406,61.540042877197266,151.59194946289062,24.75,152.02369689941406,73.03604888916016
122.48934173583984,61.97674560546875,151.84422302246094,24.790000915527344,150.43824768066406,72.79817199707031
123.01349639892578,61.79091262817383,152.9227294921875,24.600000381469727,150.56809997558594,74.25393676757812
124.1666259765625,61.698001861572266,152.9574737548828,24.34000015258789,152.03294372558594,74.04460906982422
125.34832763671875,62.15330505371094,155.2189178466797,24.600000381469727,154.3693389892578,73.94945526123047
125.83436584472656,63.00814437866211,154.43869018554688,24.209999084472656,153.18174743652344,74.02559661865234
126.74364471435547,64.18821716308594,155.3504180908203,24.450000762939453,153.62124633789062,74.38713836669922
126.45648956298828,63.20328903198242,156.63905334472656,24.049999237060547,155.4447479248047,74.67259216308594
127.57633972167969,62.970977783203125,157.2351837158203,23.899999618530273,157.12794494628906,75.08173370361328
129.23219299316406,63.79795837402344,157.9102020263672,23.1200008392334,157.5674285888672,75.55747985839844
129.70118713378906,63.82583999633789,159.26898193359375,23.020000457763672,158.31553649902344,75.73824310302734
129.5480499267578,63.99308776855469,159.0498046875,22.979999542236328,159.72756958007812,75.6526107788086
129.90220642089844,64.45768737792969,158.3835906982422,23.350000381469727,161.5043182373047,75.8429183959961
130.8402099609375,66.39039611816406,158.02418518066406,23.770000457763672,164.16940307617188,76.0903091430664
131.23260498046875,66.63199615478516,158.80435180664062,23.75,163.9823455810547,75.98564147949219
130.67745971679688,66.26030731201172,159.2427215576172,23.479999542236328,165.3850555419922,76.16641235351562
130.8019256591797,67.26383209228516,158.97970581054688,23.239999771118164,165.9274139404297,75.89051055908203
131.06033325195312,66.65984344482422,157.2702178955078,23.760000228881836,167.78831481933594,76.28057861328125
131.11778259277344,65.90721130371094,157.63845825195312,23.440000534057617,168.53636169433594,76.17593383789062
133.79769897460938,65.4612045288086,159.50572204589844,24.549999237060547,171.97764587402344,77.9457015991211
133.00331115722656,65.74925231933594,158.26084899902344,24.700000762939453,171.1173553466797,76.21400451660156
133.78814697265625,65.07093811035156,157.84007263183594,25.56999969482422,170.35984802246094,76.00466918945312
133.36700439453125,64.93155670166016,158.20828247070312,25.709999084472656,169.19094848632812,75.64310455322266
133.539306640625,64.92228698730469,158.1293487548828,25.639999389648438,170.21022033691406,75.71922302246094
133.0415802001953,65.33412170410156,157.31405639648438,25.3799991607666,169.9484100341797,75.20541381835938
132.73529052734375,65.39028930664062,155.32408142089844,25.149999618530273,168.85433959960938,75.45281982421875
133.17559814453125,65.61492156982422,155.8939208984375,25.18000030517578,167.1056671142578,75.52892303466797
133.23300170898438,65.47454071044922,154.69290161132812,25.700000762939453,167.43296813964844,75.36717224121094
133.0320281982422,66.19525909423828,154.04417419433594,25.579999923706055,167.1337127685547,75.82388305664062
134.43902587890625,66.06422424316406,154.1230926513672,26.1200008392334,167.11502075195312,75.38619232177734
134.6591339111328,65.93317413330078,155.3766632080078,26.040000915527344,166.62872314453125,75.9000015258789
133.98916625976562,65.4183578491211,153.98281860351562,25.799999237060547,168.41482543945312,75.40522766113281
135.39614868164062,65.50261688232422,154.0266571044922,26.209999084472656,167.75088500976562,75.0246353149414
133.8455810546875,65.42771911621094,152.43118286132812,25.520000457763672,164.54342651367188,73.76868438720703
135.3578643798828,65.75533294677734,153.22015380859375,26.059999465942383,165.49725341796875,73.90188598632812
134.87925720214844,65.39028930664062,153.2552490234375,26.469999313354492,165.75909423828125,74.06363677978516
134.6112823486328,65.1562728881836,152.3873291015625,28.43000030517578,164.4125213623047,74.40617370605469
134.8410186767578,65.20309448242188,152.33474731445312,28.760000228881836,164.67434692382812,73.83528900146484
137.63584899902344,65.82084655761719,152.9834442138672,28.690000534057617,165.8526153564453,74.8248291015625
137.9420928955078,66.2139892578125,152.4837646484375,28.5,166.10508728027344,74.45376586914062
137.76023864746094,67.00958251953125,152.41363525390625,28.969999313354492,166.432373046875,75.36717224121094
137.50184631347656,67.46824645996094,152.65907287597656,28.899999618530273,165.3850555419922,75.27201843261719
137.54014587402344,67.2342529296875,152.97467041015625,28.639999389648438,165.1886444091797,74.77723693847656
138.5642547607422,67.40271759033203,152.99221801757812,28.59000015258789,167.1056671142578,74.4632797241211
137.8463897705078,67.06575012207031,151.5545196533203,28.260000228881836,165.59075927734375,74.2912826538086
137.50184631347656,66.8598403930664,151.17755126953125,28.6200008392334,165.8619384765625,74.44416046142578
137.195556640625,68.23576354980469,150.90579223632812,28.520000457763672,167.2459259033203,74.30083465576172
137.0328369140625,68.38553619384766,150.0817413330078,27.639999389648438,166.0396270751953,74.03334045410156
135.55886840820312,68.73187255859375,149.53822326660156,27.18000030517578,166.98410034179688,73.81360626220703
135.72154235839844,68.74121856689453,149.6083526611328,26.690000534057617,164.62759399414062,73.25946807861328
135.00372314453125,68.46979522705078,148.61773681640625,26.739999771118164,164.22544860839844,72.41871643066406
135.75027465820312,68.78803253173828,149.99407958984375,27.1299991607666,167.40489196777344,73.24990844726562
135.14730834960938,69.16243743896484,149.07362365722656,27.139999389648438,166.31082153320312,72.40917205810547
134.64956665039062,69.33092498779297,141.74484252929688,27.260000228881836,166.8251190185547,72.17987823486328
136.33413696289062,70.01422882080078,142.27960205078125,27.959999084472656,167.66673278808594,76.45048522949219
136.1714324951172,70.14525604248047,140.59645080566406,27.31999969482422,168.67666625976562,76.03965759277344
137.48269653320312,69.9955062866211,140.92079162597656,26.56999969482422,170.24766540527344,76.86128997802734
138.3345489501953,70.24822235107422,140.60523986816406,26.989999771118164,171.60357666015625,77.03326416015625
137.52099609375,70.6039047241211,140.31590270996094,26.790000915527344,169.9203643798828,76.92816925048828
137.62625122070312,70.61326599121094,140.54383850097656,27.6299991607666,171.33238220214844,76.74664306640625
137.4922637939453,70.36990356445312,140.5175323486328,27.670000076293945,172.8379364013672,75.71481323242188
140.2966766357422,70.41671752929688,139.2464141845703,28.290000915527344,170.55625915527344,75.69572448730469
141.18678283691406,70.68814849853516,139.47434997558594,27.770000457763672,171.53811645507812,75.99190521240234
140.75611877441406,70.91279602050781,139.06231689453125,28.0,171.4913787841797,75.3135757446289
140.24879455566406,71.45568084716797,139.43051147460938,27.790000915527344,171.192138671875,74.83586883544922
142.5746307373047,71.6054458618164,135.92391967773438,28.200000762939453,173.0062713623047,74.82630920410156
146.4510498046875,71.24977111816406,135.46360778808594,28.059999465942383,173.95069885253906,74.6734619140625
147.3890380859375,71.81138610839844,134.6492156982422,28.809999465942383,174.78302001953125,74.94094848632812
146.6903076171875,72.2730941772461,133.887939453125,29.31999969482422,172.60629272460938,75.14159393310547
147.95892333984375,71.73599243164062,133.3568115234375,29.030000686645508,173.32244873046875,74.44416046142578
150.0252685546875,71.3402328491211,133.10894775390625,28.93000030517578,172.6722869873047,74.03334045410156
149.64085388183594,71.88673400878906,134.11810302734375,28.829999923706055,171.86196899414062,74.83586883544922
149.41976928710938,70.77486419677734,136.0389862060547,29.020000457763672,172.154052734375,74.64478302001953
144.40293884277344,70.78430938720703,133.60467529296875,27.0,168.46029663085938,72.96330261230469
146.60379028320312,73.06462097167969,133.47190856933594,27.479999542236328,167.15992736816406,72.97285461425781
147.10354614257812,74.22361755371094,134.53414916992188,27.81999969482422,170.32598876953125,73.37411499023438
147.99737548828125,74.01631927490234,135.1183624267578,28.059999465942383,173.0680389404297,73.54608917236328
147.8147735595703,73.95977783203125,134.57839965820312,28.290000915527344,172.89845275878906,73.75626373291016
147.3726806640625,73.639404296875,135.00331115722656,28.989999771118164,174.55685424804688,73.67985534667969
147.88201904296875,73.7901611328125,135.61410522460938,29.43000030517578,176.2718048095703,73.98555755615234
147.6322021484375,73.62055969238281,134.985595703125,29.760000228881836,175.81948852539062,74.00468444824219
147.68984985351562,73.639404296875,134.31280517578125,30.700000762939453,176.09275817871094,73.65117645263672
146.81524658203125,74.06343078613281,135.10955810546875,30.770000457763672,176.79945373535156,73.50787353515625
147.21890258789062,75.20358276367188,135.1449432373047,30.760000228881836,176.50733947753906,74.7880859375
149.40057373046875,75.02455139160156,134.5961151123047,31.209999084472656,179.24937438964844,74.98872375488281
147.93971252441406,75.62762451171875,134.914794921875,31.209999084472656,178.0432586669922,75.44732666015625
148.43948364257812,74.37437438964844,134.87936401367188,31.56999969482422,175.9702606201172,75.33267211914062
149.32369995117188,74.58168029785156,133.64894104003906,32.5,177.2423095703125,76.24983215332031
148.95848083496094,74.37437438964844,134.64035034179688,32.45000076293945,178.96669006347656,76.38359832763672
143.18234252929688,74.83609008789062,136.41079711914062,30.600000381469727,179.0609130859375,76.72754669189453
139.7609100341797,74.6664810180664,137.36680603027344,31.200000762939453,179.03265380859375,76.59378814697266
140.8853759765625,74.93032836914062,136.5435791015625,31.540000915527344,180.05972290039062,76.99505615234375
139.51101684570312,75.28838348388672,136.15406799316406,31.059999465942383,181.2752685546875,77.23389434814453
138.67483520507812,74.35554504394531,136.5170135498047,30.559999465942383,184.16806030273438,77.10014343261719
136.73348999023438,70.89734649658203,137.54385375976562,29.860000610351562,185.1009063720703,77.81668090820312
140.64508056640625,71.14234924316406,137.06585693359375,31.200000762939453,187.58856201171875,78.22749328613281
139.36685180664062,71.18004608154297,137.16322326660156,30.829999923706055,186.8818359375,78.82941436767578
140.19337463378906,71.83965301513672,136.13636779785156,32.0099983215332,187.67332458496094,78.54277801513672
139.96275329589844,71.16118621826172,136.6763458251953,31.889999389648438,187.927734375,78.58099365234375
140.58741760253906,70.52044677734375,136.41964721679688,31.729999542236328,190.55670166015625,78.55235290527344
140.14532470703125,71.14234924316406,137.41107177734375,32.5,188.4365692138672,79.25933074951172
138.1366424560547,71.62290954589844,136.9861602783203,31.65999984741211,187.40953063964844,79.37397766113281
140.1549530029297,72.09406280517578,137.49075317382812,32.2400016784668,188.0973663330078,80.22428894042969
138.08860778808594,71.54755401611328,136.43736267089844,31.469999313354492,186.06204223632812,79.89942932128906
138.41537475585938,71.31195831298828,136.17178344726562,29.860000610351562,186.33529663085938,80.48223876953125
137.91558837890625,71.01044464111328,137.72088623046875,29.139999389648438,187.1267852783203,81.30386352539062
138.48265075683594,70.97274017333984,136.03013610839844,30.510000228881836,190.1609649658203,81.40936279296875
137.1755828857422,71.11408233642578,134.8705596923828,30.100000381469727,189.8500213623047,80.30650329589844
138.56915283203125,70.98217010498047,135.3839569091797,30.200000762939453,190.68861389160156,80.87232971191406
139.4148712158203,69.00336456298828,135.80882263183594,30.5,192.18687438964844,80.84355163574219
139.86660766601562,69.22953033447266,135.60525512695312,31.3700008392334,194.363525390625,80.70928955078125
140.0684356689453,69.67240142822266,136.0567169189453,31.450000762939453,194.523681640625,81.34221649169922
142.01947021484375,70.71832275390625,135.99476623535156,31.1299991607666,194.32579040527344,81.86968231201172
143.24002075195312,71.93386840820312,136.53472900390625,31.790000915527344,196.4741973876953,81.78336334228516
143.73976135253906,71.9621353149414,135.44590759277344,31.719999313354492,196.9359130859375,81.72582244873047
144.2395477294922,71.80194854736328,136.322265625,31.899999618530273,196.2198028564453,82.0135269165039
145.14295959472656,71.49099731445312,130.59494018554688,31.81999969482422,198.7073974609375,82.40672302246094
144.48941040039062,71.63233184814453,130.7100372314453,32.0,198.1420135498047,81.85050201416016
144.42213439941406,71.75484466552734,130.1966094970703,32.0099983215332,199.89466857910156,82.08065032958984
146.1713409423828,72.4521255493164,129.2317657470703,31.670000076293945,199.93234252929688,81.51484680175781
146.7960205078125,73.988037109375,129.40879821777344,29.899999618530273,200.19622802734375,81.90804290771484
147.48802185058594,74.34611511230469,128.67405700683594,29.809999465942383,219.97459411621094,81.80253601074219
144.70086669921875,75.17533874511719,128.41738891601562,30.239999771118164,227.08877563476562,80.41200256347656
143.68211364746094,75.20358276367188,127.72686767578125,29.280000686645508,227.34323120117188,81.32305908203125
142.94207763671875,75.37319946289062,128.06326293945312,28.1200008392334,228.4645233154297,81.73542785644531
144.21072387695312,75.85377502441406,128.62095642089844,28.34000015258789,225.61883544921875,81.74498748779297
151.02479553222656,75.88203430175781,127.8685073852539,28.6299991607666,224.21482849121094,81.80253601074219
149.51589965820312,76.20240020751953,128.30227661132812,27.829999923706055,224.49755859375,82.03270721435547
150.30398559570312,75.83492279052734,128.4970245361328,27.920000076293945,223.98870849609375,82.44507598876953
152.62982177734375,76.58875274658203,127.0009994506836,28.59000015258789,226.3632354736328,82.33000183105469
153.8503875732422,76.88085174560547,127.12625885009766,28.84000015258789,225.6753692626953,82.41631317138672
154.792236328125,77.38341522216797,126.82210540771484,28.579999923706055,222.101806640625,82.17656707763672
149.86183166503906,76.48262023925781,126.88468933105469,27.489999771118164,220.74630737304688,81.09288787841797
151.94593811035156,76.23606872558594,126.88468933105469,28.010000228881836,222.64210510253906,80.83397674560547
154.23263549804688,76.5205307006836,127.31412506103516,29.239999771118164,224.7938232421875,81.965576171875
155.92112731933594,76.58689880371094,127.09049224853516,29.68000030517578,226.7085723876953,83.23146057128906
155.2939910888672,76.78604125976562,127.47513580322266,30.690000534057617,225.21090698242188,83.80685424804688
152.31256103515625,75.57230377197266,125.86490631103516,29.6200008392334,223.31509399414062,82.56015014648438
151.96524047851562,75.20252990722656,124.97037506103516,30.3799991607666,223.48570251464844,81.87926483154297
151.6854248046875,75.58179473876953,125.5339126586914,29.559999465942383,223.40040588378906,81.80253601074219
154.1651153564453,75.8757553100586,126.14221954345703,30.450000762939453,227.25836181640625,81.80253601074219
154.35806274414062,75.81885528564453,127.153076171875,30.450000762939453,225.6848602294922,81.78336334228516
153.6730194091797,74.28275299072266,127.86873626708984,30.219999313354492,226.3009796142578,81.8600845336914
154.24229431152344,74.55773162841797,128.58438110351562,30.290000915527344,223.5994873046875,81.965576171875
155.79571533203125,73.98881530761719,127.48407745361328,31.079999923706055,224.822265625,81.90804290771484
157.1851043701172,74.69048309326172,128.0476531982422,31.479999542236328,227.95980834960938,81.9176254272461
157.6096649169922,74.47239685058594,127.52882385253906,31.610000610351562,227.931396484375,82.17656707763672
158.23678588867188,74.02674102783203,127.94924926757812,31.969999313354492,227.17303466796875,82.56974792480469
158.28506469726562,74.31120300292969,128.88853454589844,32.599998474121094,227.8081512451172,82.60810089111328
156.38427734375,75.66715240478516,127.95820617675781,32.06999969482422,224.65164184570312,81.81214141845703
156.22021484375,75.93264770507812,128.6559600830078,32.25,222.39561462402344,81.73542785644531
155.5930938720703,75.97057342529297,127.83294677734375,32.790000915527344,223.9976043701172,80.94905090332031
153.05552673339844,74.79478454589844,127.430419921875,32.45000076293945,226.33888244628906,80.79560089111328
155.8246612548828,74.98444366455078,129.58627319335938,33.439998626708984,228.0546112060547,82.17656707763672
155.20716857910156,75.48698425292969,130.39137268066406,34.290000915527344,228.04510498046875,83.00129699707031
154.0396728515625,75.72405242919922,130.59716796875,34.59000015258789,229.3247833251953,83.08760833740234
152.71780395507812,75.55335998535156,130.19459533691406,34.58000183105469,232.4528350830078,82.65606689453125
154.2615966796875,76.21708679199219,129.55052185058594,34.650001525878906,236.02639770507812,83.4232406616211
153.0941162109375,75.85678100585938,129.3089599609375,35.43000030517578,239.8938446044922,84.26717376708984
153.1519775390625,75.90420532226562,129.1658477783203,35.95000076293945,239.30613708496094,85.35084533691406
150.58547973632812,76.33089447021484,130.49874877929688,35.970001220703125,242.14981079101562,84.80420684814453
147.99964904785156,75.86626434326172,129.94415283203125,35.90999984741211,242.69960021972656,84.79462432861328
146.55235290527344,75.41112518310547,129.8278350830078,36.06999969482422,243.0882568359375,84.77544403076172
145.25946044921875,75.05081176757812,130.48977661132812,34.869998931884766,241.06919860839844,84.59323120117188
147.7584228515625,75.27837371826172,131.1070556640625,34.18000030517578,240.4815216064453,85.05355072021484
148.81011962890625,75.18356323242188,130.3019561767578,37.09000015258789,241.9792022705078,85.82073974609375
147.89352416992188,74.86115264892578,130.3019561767578,37.959999084472656,241.02183532714844,86.44409942626953
148.7039794921875,74.0931167602539,129.78311157226562,39.33000183105469,240.96495056152344,86.7509765625
148.40489196777344,74.3870620727539,131.19651794433594,40.0099983215332,242.65220642089844,86.82771301269531
149.05136108398438,75.11717224121094,131.30384826660156,40.369998931884766,242.14981079101562,87.68121337890625
148.0865020751953,74.99391174316406,131.03550720214844,39.560001373291016,242.43417358398438,87.27843475341797
149.9293670654297,75.2973403930664,131.25018310546875,39.369998931884766,245.40113830566406,87.7597885131836
149.84251403808594,74.90857696533203,131.03550720214844,39.66999816894531,245.1072235107422,88.1352310180664
150.36354064941406,76.35934448242188,131.8495330810547,40.959999084472656,244.92718505859375,88.27001190185547
150.4214324951172,79.77289581298828,132.84251403808594,41.97999954223633,247.33482360839844,88.46255493164062
151.04861450195312,81.2900161743164,132.0552978515625,41.61000061035156,247.8182373046875,88.52994537353516
150.51795959472656,81.640869140625,131.52749633789062,40.58000183105469,248.26376342773438,88.19300842285156
151.47315979003906,82.1339340209961,131.59011840820312,40.400001525878906,247.1547393798828,89.39636993408203
154.2615966796875,81.29950714111328,131.34857177734375,41.4900016784668,246.21629333496094,88.52994537353516
154.8308563232422,81.52708435058594,131.08917236328125,40.38999938964844,245.14517211914062,88.27001190185547
154.14581298828125,81.75465393066406,142.7095184326172,41.650001525878906,246.49124145507812,88.64547729492188
150.49862670898438,81.92533111572266,143.93507385253906,41.310001373291016,245.54330444335938,88.47218322753906
150.75914001464844,82.9114761352539,144.98170471191406,41.5,250.9557647705078,88.65508270263672
150.68197631835938,84.05879974365234,142.72743225097656,41.560001373291016,248.65245056152344,88.93427276611328
151.5792694091797,83.42350006103516,139.4443817138672,41.599998474121094,252.14065551757812,90.35906219482422
150.9135284423828,83.8976058959961,137.3153076171875,41.060001373291016,244.95559692382812,90.04137420654297
151.87835693359375,84.03036499023438,137.40478515625,40.599998474121094,245.76132202148438,92.12080383300781
157.32015991210938,83.6036605834961,137.476318359375,40.849998474121094,243.0977020263672,92.21709442138672
160.86123657226562,82.44684600830078,138.0846405029297,41.650001525878906,245.7423553466797,91.52393341064453
163.09967041015625,82.78819274902344,137.81626892089844,44.310001373291016,244.53855895996094,91.9571533203125
161.02525329589844,83.38558197021484,137.78944396972656,44.380001068115234,245.0314178466797,92.21709442138672
162.20237731933594,84.2010498046875,137.18113708496094,44.34000015258789,248.9462890625,92.4000015258789
166.43809509277344,85.03545379638672,135.59774780273438,43.709999084472656,248.1121063232422,92.83321380615234
168.12660217285156,84.10621643066406,134.93576049804688,43.25,250.31121826171875,92.69844818115234
168.66690063476562,84.34326934814453,135.39198303222656,43.95000076293945,252.2638702392578,91.8127670288086
170.04669189453125,85.58541870117188,135.5887908935547,44.09000015258789,251.73306274414062,91.5816879272461
169.69935607910156,85.62335205078125,135.79661560058594,43.5,250.3512420654297,90.25316619873047
169.13768005371094,86.21122741699219,134.76661682128906,44.779998779296875,248.5882110595703,90.03174591064453
168.45986938476562,86.2776107788086,134.07994079589844,45.599998474121094,250.0844268798828,90.39756774902344
165.9131317138672,86.37242889404297,134.52268981933594,45.79999923706055,249.45541381835938,90.2628173828125
163.72471618652344,85.17768096923828,132.90541076660156,45.36000061035156,250.50369262695312,89.78144836425781
165.68077087402344,94.4606704711914,134.73046875,46.18000030517578,251.3042449951172,90.07025909423828
164.76084899902344,92.4220199584961,134.59494018554688,46.15999984741211,249.931884765625,90.19541931152344
164.59625244140625,92.4314956665039,135.98634338378906,47.63999938964844,252.19053649902344,90.44571685791016
167.65615844726562,91.5212173461914,137.28736877441406,49.400001525878906,254.43955993652344,90.88856506347656
169.4185028076172,91.41692352294922,137.124755859375,49.13999938964844,252.6860809326172,90.32057189941406
169.42819213867188,91.61603546142578,137.18798828125,49.68000030517578,253.38177490234375,89.99324035644531
168.57606506347656,91.61603546142578,137.31448364257812,48.04999923706055,253.09585571289062,89.98362731933594
167.58837890625,91.75825500488281,137.75721740722656,47.93000030517578,255.39259338378906,91.72610473632812
164.11212158203125,92.50736236572266,138.7329864501953,43.7400016784668,256.6409912109375,92.99687957763672
166.40701293945312,92.19444274902344,139.11245727539062,42.38999938964844,263.78839111328125,94.06546783447266
165.63233947753906,92.30821990966797,139.82623291015625,41.9900016784668,258.6231994628906,94.20987701416016
164.4219207763672,91.98584747314453,141.3622283935547,39.900001525878906,264.9034423828125,94.91263580322266
164.26698303222656,92.76336669921875,140.35931396484375,41.209999084472656,262.58770751953125,95.02816772460938
163.65696716308594,92.24185943603516,139.22991943359375,41.58000183105469,265.18927001953125,94.54682922363281
163.95716857910156,92.25138092041016,138.75108337402344,43.20000076293945,268.7153625488281,94.90303039550781
164.0055389404297,92.03214263916016,139.87139892578125,43.209999084472656,272.46063232421875,94.87413787841797
167.20103454589844,92.39436340332031,140.4134979248047,43.0099983215332,269.8494873046875,95.30734252929688
166.26174926757812,92.17512512207031,141.61517333984375,41.86000061035156,276.310791015625,95.66355895996094
166.81370544433594,93.18553161621094,139.05825805664062,42.04999923706055,278.12139892578125,94.13285827636719
166.76528930664062,92.58500671386719,139.13958740234375,42.2400016784668,280.0655822753906,93.52635955810547
168.45986938476562,92.56594848632812,137.78431701660156,42.400001525878906,280.1227111816406,94.84525299072266
170.832275390625,93.3189697265625,138.53424072265625,43.709999084472656,282.2193298339844,95.96199035644531
169.01177978515625,94.17686462402344,138.44387817382812,43.97999954223633,283.2771301269531,95.45175170898438
168.82781982421875,94.12920379638672,138.19088745117188,45.75,283.89654541015625,94.83563232421875
169.4669189453125,93.47148895263672,136.88082885742188,44.41999816894531,281.1614990234375,94.82599639892578
169.4669189453125,93.61447143554688,137.78431701660156,44.119998931884766,281.22821044921875,95.05705261230469
165.16757202148438,94.52001953125,138.0824737548828,42.25,281.4759216308594,94.89337921142578
165.19662475585938,94.61534118652344,138.35354614257812,42.47999954223633,281.72369384765625,95.43251037597656
165.66140747070312,94.74878692626953,139.17572021484375,41.810001373291016,282.41943359375,95.98124694824219
163.8699951171875,94.12920379638672,138.61553955078125,41.119998931884766,281.0471496582031,95.60577392578125
166.80401611328125,93.9766845703125,139.36546325683594,43.66999816894531,282.8863830566406,95.24958038330078
166.77496337890625,94.79644775390625,143.1963348388672,44.97999954223633,283.8012390136719,95.83683776855469
167.54962158203125,94.88223266601562,146.09657287597656,46.880001068115234,282.7243957519531,97.43091583251953
169.45721435546875,95.44463348388672,146.81033325195312,45.79999923706055,294.3222961425781,97.6530990600586
168.82781982421875,96.85536193847656,147.69577026367188,45.54999923706055,295.57073974609375,96.754638671875
168.80845642089844,95.69246673583984,148.02102661132812,42.970001220703125,303.4615173339844,97.1120834350586
168.76971435546875,95.00614929199219,148.33724975585938,43.310001373291016,305.20550537109375,97.78837585449219
169.72837829589844,95.33977508544922,148.3553466796875,42.81999969482422,312.6960144042969,97.31497955322266
171.48106384277344,96.1500015258789,147.39759826660156,42.810001373291016,320.40570068359375,97.54682922363281
170.60955810546875,95.97842407226562,148.0391082763672,42.91999816894531,319.40509033203125,96.93817138671875
173.42739868164062,97.89437103271484,152.3759002685547,44.2599983215332,334.5100402832031,97.34395599365234
173.5823211669922,99.41950225830078,152.800537109375,43.9900016784668,324.1700744628906,96.47445678710938
172.8076629638672,99.69593048095703,146.70188903808594,42.75,321.85430908203125,94.70649719238281
171.3939208984375,100.51567840576172,146.90972900390625,42.880001068115234,322.111572265625,94.9866714477539
171.43263244628906,100.94463348388672,150.20750427246094,43.95000076293945,319.8148498535156,94.65821838378906
168.7019500732422,100.83977508544922,149.41241455078125,43.08000183105469,318.9571838378906,95.9334487915039
165.69044494628906,101.61186981201172,149.5027618408203,43.0099983215332,326.9814147949219,96.31023406982422
166.0777587890625,103.318115234375,151.19232177734375,43.66999816894531,327.0862121582031,96.25225830078125
162.6402130126953,104.42384338378906,150.7044219970703,43.290000915527344,324.7990417480469,96.03971862792969
161.68157958984375,102.68899536132812,147.83126831054688,41.66999816894531,321.8352355957031,95.36344909667969
162.12701416015625,101.61186981201172,147.90354919433594,43.720001220703125,337.71209716796875,96.03005981445312
162.46591186523438,100.58241271972656,146.72901916503906,42.4900016784668,340.1612854003906,96.6097183227539
155.41651916503906,99.5910873413086,143.68418884277344,40.81999969482422,332.50872802734375,93.40228271484375
151.53350830078125,95.406494140625,137.81143188476562,39.400001525878906,313.4203186035156,88.8906021118164
157.8663330078125,96.17859649658203,140.35025024414062,43.880001068115234,324.8847961425781,90.98703002929688
154.48687744140625,98.03734588623047,139.00405883789062,42.0099983215332,331.7558898925781,90.43635559082031
150.23594665527344,95.33977508544922,134.66102600097656,40.0,315.7144775390625,85.34501647949219
152.07354736328125,94.7201919555664,136.41285705566406,40.40999984741211,318.75030517578125,88.61044311523438
158.19888305664062,94.89176177978516,138.13726806640625,42.189998626708984,329.2562255859375,91.4894027709961
159.78367614746094,96.25485229492188,137.54421997070312,42.630001068115234,328.6433410644531,91.35415649414062
162.72967529296875,96.94114685058594,141.20294189453125,43.45000076293945,330.2618408203125,92.967529296875
168.19387817382812,98.39958190917969,142.34344482421875,43.5,341.38079833984375,93.2863540649414
167.64939880371094,99.87702941894531,142.49853515625,44.209999084472656,340.02081298828125,93.50855255126953
167.08547973632812,89.70631408691406,141.56788635253906,44.900001525878906,338.4023132324219,93.89498901367188
166.3271026611328,87.23750305175781,140.4730224609375,44.540000915527344,337.4637451171875,94.19447326660156
167.7174530029297,88.42901611328125,139.76132202148438,44.25,340.86358642578125,94.04956817626953
170.63427734375,88.54341125488281,141.8963623046875,46.529998779296875,341.5722961425781,95.4504165649414
174.008056640625,88.76263427734375,144.68832397460938,47.97999954223633,348.103759765625,98.1941146850586
173.4441680908203,87.23750305175781,142.8361358642578,48.58000183105469,349.2146911621094,96.20396423339844
173.18165588378906,85.79817199707031,142.17919921875,48.810001373291016,346.887451171875,94.20413208007812
170.1481170654297,84.91168212890625,140.3361358642578,47.619998931884766,334.8971252441406,91.91448974609375
171.32460021972656,84.61619567871094,140.95660400390625,49.11000061035156,330.0895080566406,92.35889434814453
171.91770935058594,85.76957702636719,143.20106506347656,52.029998779296875,337.82763671875,93.38294982910156
171.7718505859375,84.89261627197266,142.07882690429688,53.7400016784668,334.1596984863281,92.81295776367188
170.1773223876953,83.6343765258789,144.45111083984375,53.970001220703125,332.3592224121094,92.39754486083984
172.03436279296875,84.30561828613281,142.5259246826172,55.220001220703125,333.9777526855469,93.31532287597656
174.99005126953125,85.07272338867188,145.35433959960938,54.59000015258789,339.5228271484375,95.69193267822266
176.68182373046875,84.44945526123047,146.22113037109375,59.369998931884766,329.62982177734375,94.35870361328125
174.9803466796875,84.66999053955078,145.36346435546875,59.43000030517578,324.3432922363281,92.1366958618164
173.4927520751953,84.0658950805664,144.26861572265625,59.779998779296875,316.2890625,91.32515716552734
173.69692993164062,83.91246032714844,145.62806701660156,58.84000015258789,316.02093505859375,91.18991088867188
173.0844268798828,85.50422668457031,146.22113037109375,60.58000183105469,316.49017333984375,92.36854553222656
170.43983459472656,83.85492706298828,143.56605529785156,60.13999938964844,317.7256164550781,91.62466430664062
170.38150024414062,84.33436584472656,142.5167694091797,61.150001525878906,323.3472900390625,91.73091888427734
166.5215606689453,84.55492401123047,142.9638671875,61.06999969482422,322.8397216796875,91.52804565429688
164.1686553955078,83.55767059326172,138.76681518554688,58.91999816894531,306.08953857421875,88.31094360351562
160.36703491210938,81.90838623046875,135.84715270996094,54.209999084472656,307.4207763671875,87.38349151611328
167.97999572753906,83.90287780761719,139.9346923828125,55.560001373291016,315.0536193847656,89.47992706298828
163.6727752685547,82.51249694824219,138.6025848388672,52.400001525878906,307.5357360839844,88.32059478759766
161.86436462402344,84.16177368164062,139.15916442871094,51.4900016784668,306.4822082519531,89.08381652832031
163.12831115722656,85.31245422363281,139.98944091796875,52.13999938964844,314.009765625,90.11753845214844
162.05880737304688,82.03305053710938,136.9237823486328,50.060001373291016,308.79986572265625,87.91485595703125
163.72142028808594,83.2316665649414,136.7230682373047,51.54999923706055,316.8254089355469,89.59584045410156
166.85214233398438,83.63439178466797,140.61900329589844,53.38999938964844,313.58837890625,90.40738677978516
168.00912475585938,84.20013427734375,140.53688049316406,49.84000015258789,322.1693115234375,91.3479995727539
163.71170043945312,83.12618255615234,137.3800048828125,48.459999084472656,312.32421875,89.12733459472656
165.33538818359375,82.73302459716797,139.31427001953125,47.959999084472656,308.8381652832031,89.35037994384766
168.44667053222656,82.89604949951172,141.7777557373047,50.47999954223633,320.6657409667969,90.18434143066406
167.65911865234375,82.37825012207031,141.7503662109375,50.47999954223633,313.5117492675781,88.82672119140625
169.31199645996094,81.91798400878906,144.22299194335938,52.59000015258789,323.2036437988281,90.52374267578125
169.88560485839844,82.48371887207031,142.9821319580078,52.22999954223633,315.35052490234375,90.21343994140625
170.94541931152344,83.27000427246094,144.0587615966797,51.650001525878906,317.73516845703125,90.76616668701172
173.29830932617188,84.28643798828125,146.814208984375,52.2599983215332,322.4757995605469,91.01830291748047
172.90939331054688,83.97000885009766,135.7559051513672,54.0099983215332,326.57476806640625,92.26924896240234
168.00912475585938,84.27685546875,134.7613983154297,51.41999816894531,326.2300109863281,99.27066040039062
161.1254119873047,83.40426635742188,132.20668029785156,50.619998931884766,324.3432922363281,97.73849487304688
160.65875244140625,82.56044006347656,133.08258056640625,49.02000045776367,324.506103515625,97.56394958496094
158.42251586914062,82.97276306152344,132.80886840820312,47.11000061035156,315.1398010253906,97.39908599853516
159.11280822753906,83.5864486694336,133.1555938720703,47.599998474121094,328.35601806640625,95.78934478759766
159.66700744628906,84.32479858398438,133.86721801757812,50.13999938964844,328.2890319824219,97.19544219970703
157.81968688964844,83.7015151977539,133.64828491210938,47.52000045776367,326.4598083496094,96.59422302246094
160.6781768798828,84.82341766357422,132.2614288330078,45.97999954223633,319.449462890625,95.76025390625
164.4116973876953,83.81658935546875,132.29791259765625,46.790000915527344,315.59954833984375,95.59541320800781
171.67462158203125,82.79057312011719,129.9713134765625,45.88999938964844,310.4758605957031,94.67415618896484
171.98573303222656,82.68510437011719,129.55160522460938,46.619998931884766,316.70086669921875,94.19900512695312
178.7333221435547,83.931640625,131.30337524414062,47.58000183105469,320.28265380859375,95.37236022949219
180.02645874023438,81.95633697509766,130.673828125,48.47999954223633,326.0288391113281,95.59541320800781
180.8917694091797,82.2152328491211,130.47312927246094,48.56999969482422,324.0559997558594,96.72027587890625
182.1654510498047,79.6454086303711,131.56170654296875,51.0099983215332,329.9266662597656,97.45726013183594
184.77114868164062,79.79014587402344,133.06541442871094,52.65999984741211,331.1586608886719,98.31063079833984
184.06842041015625,80.4559555053711,132.97315979003906,51.81999969482422,329.60906982421875,98.34941864013672
183.6389617919922,81.4305191040039,133.1207733154297,53.0,331.6591491699219,98.22334289550781
181.969970703125,81.55596923828125,132.6041717529297,54.0099983215332,329.2818298339844,97.68999481201172
183.66822814941406,83.10951232910156,133.4252166748047,56.5,328.1749572753906,97.54454040527344
182.5067901611328,81.52701568603516,133.30526733398438,54.70000076293945,331.2259826660156,98.15547180175781
181.84307861328125,80.70682525634766,132.91781616210938,53.38999938964844,338.0499267578125,97.93243408203125
183.13143920898438,81.54633331298828,134.21859741210938,55.47999954223633,350.2637939453125,98.95064544677734
182.6726837158203,80.44630432128906,133.8495635986328,59.029998779296875,341.69775390625,99.59066009521484
183.84396362304688,80.09893035888672,133.4621124267578,59.970001220703125,345.7304992675781,98.84398651123047
183.6389617919922,79.94452667236328,132.90859985351562,61.4900016784668,345.52838134765625,98.92155456542969
184.05865478515625,79.5682144165039,132.51190185546875,61.349998474121094,346.5774841308594,98.03910064697266
183.3949737548828,79.51032257080078,130.27938842773438,62.619998931884766,339.2530212402344,94.76144409179688
183.0045623779297,81.16999053955078,131.5709228515625,62.56999969482422,344.748779296875,95.99298095703125
182.38963317871094,79.6454086303711,130.36241149902344,57.59000015258789,338.9450378417969,95.32389831542969
185.6788330078125,80.07962799072266,130.95281982421875,58.7400016784668,343.33392333984375,95.27538299560547
187.23074340820312,82.42440032958984,131.9583740234375,59.099998474121094,347.1934814453125,96.43904876708984
188.6752471923828,81.65247344970703,132.56723022460938,59.40999984741211,346.58709716796875,96.30329132080078
189.3291778564453,81.59457397460938,133.49900817871094,59.41999816894531,357.6170349121094,97.91304016113281
188.82167053222656,81.97089385986328,134.09866333007812,59.630001068115234,354.7007751464844,98.40760803222656
187.10385131835938,81.4015884399414,134.81822204589844,61.38999938964844,355.6343078613281,97.94212341308594
186.64511108398438,81.34368896484375,135.22415161132812,61.38999938964844,357.02032470703125,98.13607788085938
187.66993713378906,81.15070343017578,135.49163818359375,60.54999923706055,356.71234130859375,97.68031311035156
186.12782287597656,81.14105224609375,135.011962890625,60.04999923706055,350.1963806152344,96.9917984008789
186.22543334960938,80.85157775878906,133.95103454589844,59.18000030517578,348.8200988769531,96.73967742919922
184.31243896484375,80.76472473144531,134.12631225585938,58.22999954223633,344.4504089355469,95.53721618652344
184.2147979736328,80.08927154541016,133.2868194580078,58.45000076293945,341.4281921386719,95.48873138427734
181.23794555664062,80.67788696289062,132.7517547607422,59.25,328.3193359375,94.19900512695312
182.02853393554688,80.67788696289062,131.5801544189453,58.95000076293945,329.83038330078125,93.50079345703125
181.01345825195312,81.2568359375,130.30703735351562,59.439998626708984,324.9891662597656,93.70443725585938
180.48638916015625,81.845458984375,130.33473205566406,57.099998474121094,326.1922607421875,94.28629302978516
177.80233764648438,83.43759155273438,128.0376434326172,53.15999984741211,318.7716064453125,95.5566177368164
180.00816345214844,82.96477508544922,128.30514526367188,54.59000015258789,318.86785888671875,95.23660278320312
179.74462890625,83.84285736083984,126.82911682128906,52.2599983215332,317.44342041015625,94.02442932128906
181.05250549316406,82.8489761352539,129.19076538085938,53.13999938964844,322.0921325683594,94.03414154052734
180.67184448242188,82.64634704589844,128.8771514892578,52.439998626708984,322.9198303222656,95.03296661376953
182.6922149658203,81.05420684814453,129.02474975585938,54.47999954223633,323.4684753417969,96.00267791748047
179.51039123535156,81.47877502441406,128.7572021484375,51.47999954223633,320.4366760253906,94.8778076171875
180.95489501953125,81.60420989990234,130.47311401367188,52.84000015258789,320.67730712890625,95.88993835449219
183.46327209472656,81.54633331298828,131.4417724609375,53.22999954223633,322.08258056640625,95.88021087646484
186.01071166992188,82.91651916503906,133.2038116455078,54.310001373291016,329.08935546875,97.23296356201172
185.7862548828125,84.1516342163086,133.49900817871094,55.7400016784668,334.13262939453125,97.23296356201172
183.37542724609375,83.49549102783203,133.711181640625,54.18000030517578,327.81884765625,97.61251831054688
186.4499053955078,83.48583221435547,135.1042022705078,55.45000076293945,333.0450744628906,98.43973541259766
186.74270629882812,84.62445068359375,134.5968017578125,56.349998474121094,337.62646484375,97.8071517944336
186.33279418945312,84.5665512084961,134.19090270996094,56.150001525878906,342.7371826171875,97.9920654296875
186.85983276367188,85.09725952148438,132.37350463867188,56.959999084472656,343.4879455566406,98.43973541259766
185.8350067138672,84.98148345947266,133.32373046875,57.45000076293945,346.7122497558594,100.22071075439453
187.27955627441406,84.64374542236328,137.67807006835938,56.220001220703125,341.99609375,97.48600006103516
186.85011291503906,84.9718246459961,135.011962890625,55.02000045776367,341.58221435546875,97.46653747558594
187.0159912109375,84.55690002441406,134.41229248046875,54.290000915527344,340.01336669921875,98.50786590576172
188.37269592285156,84.87532806396484,135.03961181640625,53.16999816894531,344.82574462890625,98.98473358154297
190.14906311035156,84.81744384765625,135.26101684570312,53.38999938964844,342.5639343261719,99.88008117675781
189.55368041992188,85.1358642578125,135.3440704345703,53.7599983215332,345.8363342285156,99.7535629272461
186.40113830566406,85.03936767578125,133.9049072265625,53.959999084472656,347.116455078125,101.06739044189453
185.35678100585938,85.76306915283203,134.21859741210938,53.0099983215332,337.8863220214844,98.14778137207031
185.72764587402344,86.1008071899414,133.7019805908203,52.790000915527344,342.9296875,96.85340881347656
196.6688995361328,85.1455078125,132.38275146484375,52.290000915527344,339.5225830078125,96.78528594970703
202.4176788330078,85.64728546142578,131.88458251953125,53.400001525878906,336.6062316894531,97.05779266357422
203.00328063964844,86.45781707763672,136.2573699951172,52.810001373291016,335.3646545410156,98.0893783569336
204.05738830566406,86.52536010742188,134.71673583984375,52.66999816894531,333.5647888183594,98.21589660644531
202.14437866210938,86.62186431884766,135.62081909179688,53.040000915527344,337.5975646972656,99.2377700805664
202.2810516357422,86.89204406738281,135.5101318359375,53.38999938964844,334.72943115234375,100.02605438232422
203.87196350097656,86.38736724853516,134.9972686767578,52.2599983215332,332.4564208984375,100.23043823242188
203.26467895507812,87.52288818359375,134.72682189941406,51.369998931884766,328.28765869140625,98.85822296142578
204.57713317871094,86.99879455566406,133.07630920410156,51.34000015258789,327.2720947265625,99.0820541381836
205.43910217285156,88.17313385009766,133.6824188232422,50.619998931884766,328.0264892578125,99.44214630126953
205.91900634765625,87.56170654296875,134.19528198242188,47.4900016784668,320.88836669921875,98.79008483886719
208.9357147216797,95.7336196899414,135.5287628173828,47.099998474121094,334.6423645019531,99.89955139160156
213.10812377929688,94.96688842773438,136.20018005371094,47.11000061035156,335.048583984375,100.26935577392578
211.03172302246094,93.17139434814453,136.61978149414062,48.06999969482422,339.246337890625,101.04792785644531
210.62034606933594,93.2490463256836,136.11624145507812,49.939998626708984,342.1770935058594,102.00167083740234
210.63015747070312,92.85112762451172,135.43553161621094,50.2400016784668,338.55963134765625,102.99433135986328
211.0611114501953,92.37555694580078,135.55673217773438,49.70000076293945,336.09320068359375,102.54666900634766
211.7173309326172,92.15233612060547,136.18150329589844,50.70000076293945,337.93096923828125,102.92622375488281
213.4607391357422,91.7544174194336,136.78762817382812,52.06999969482422,342.1480712890625,104.1816635131836
215.1845703125,93.23933410644531,136.6943817138672,52.34000015258789,339.7009582519531,104.4054946899414
218.3971710205078,92.82200622558594,137.58023071289062,51.83000183105469,338.71441650390625,103.85075378417969
220.40501403808594,93.2684555053711,136.07894897460938,52.7599983215332,335.5322265625,103.38362884521484
222.9515838623047,93.03553009033203,136.591796875,52.52000045776367,331.5569152832031,103.14032745361328
223.66659545898438,92.55025482177734,135.84579467773438,51.93000030517578,334.90350341796875,104.1427230834961
222.2072296142578,93.77313995361328,136.75965881347656,49.540000915527344,335.31939697265625,102.84835052490234
218.51470947265625,93.60813903808594,136.5078887939453,44.650001525878906,339.7590026855469,102.57587432861328
216.75169372558594,93.00640869140625,135.63134765625,44.86000061035156,337.834228515625,103.23764038085938
213.8427276611328,94.04488372802734,135.81784057617188,44.900001525878906,330.6573181152344,104.41522979736328
219.24929809570312,93.79254913330078,136.6011199951172,43.599998474121094,333.936279296875,105.40789031982422
216.52642822265625,93.14229583740234,136.67575073242188,41.7400016784668,341.8288879394531,104.9894027709961
221.7566680908203,92.31732177734375,138.8950653076172,43.619998931884766,343.8117370605469,105.7485122680664
219.23948669433594,91.80294799804688,138.31690979003906,44.29999923706055,348.00946044921875,106.6243896484375
213.40199279785156,92.02617645263672,137.9532470703125,43.58000183105469,344.2953186035156,106.27404022216797
213.7545928955078,92.61819458007812,138.5314178466797,45.33000183105469,351.6656188964844,106.7022476196289
213.88189697265625,92.43379211425781,138.99765014648438,45.060001373291016,353.2518615722656,107.1499252319336
215.5078125,92.92877960205078,140.94656372070312,46.060001373291016,355.4184875488281,108.13286590576172
213.18650817871094,93.07434844970703,141.13307189941406,44.7400016784668,360.0322265625,107.9284896850586
216.25218200683594,92.12321472167969,139.90216064453125,45.15999984741211,355.9311218261719,106.90662384033203
217.62339782714844,92.29792022705078,138.85780334472656,44.63999938964844,355.1960144042969,106.92607879638672
215.8897705078125,91.80294799804688,141.37550354003906,44.349998474121094,353.068115234375,105.11592864990234
220.32666015625,91.35649871826172,141.27293395996094,44.9900016784668,355.35076904296875,104.960205078125
221.10043334960938,91.14299774169922,141.00253295898438,45.22999954223633,359.71295166015625,103.63665008544922
222.58920288085938,91.61854553222656,142.6716766357422,45.150001525878906,369.76251220703125,105.00887298583984
224.5676727294922,92.34644317626953,143.3710479736328,45.7599983215332,373.70880126953125,105.48575592041016
227.3003387451172,91.29827117919922,142.87680053710938,45.150001525878906,379.4444885253906,105.54413604736328
223.30419921875,91.43413543701172,141.0957489013672,44.15999984741211,377.2101745605469,105.23158264160156
219.6802215576172,90.56066131591797,138.96966552734375,43.58000183105469,373.8055419921875,104.73346710205078
219.1709442138672,91.9000015258789,138.3728485107422,43.06999969482422,373.12847900390625,104.4990463256836
222.2072296142578,94.2195816040039,137.30050659179688,42.27000045776367,372.80926513671875,104.17674255371094
211.9132080078125,92.93848419189453,133.05764770507812,41.61000061035156,355.42816162109375,101.15867614746094
210.04248046875,91.15269470214844,129.63539123535156,41.970001220703125,346.3748474121094,99.21501159667969
217.5450439453125,92.01647186279297,131.34185791015625,42.470001220703125,348.309326171875,100.60194396972656
212.8926544189453,91.05563354492188,131.6029815673828,42.34000015258789,347.11968994140625,100.23078918457031
217.58421325683594,92.98699188232422,135.3236083984375,43.209999084472656,356.1825866699219,101.84236907958984
216.6439666748047,93.71490478515625,125.00090026855469,42.349998474121094,353.5226745605469,101.9107437133789
211.5802001953125,93.33639526367188,121.73716735839844,41.29999923706055,347.5742492675781,100.44566345214844
214.8025665283203,94.28751373291016,120.38506317138672,40.45000076293945,344.5854797363281,104.24510955810547
216.1150360107422,94.2778091430664,121.24295043945312,39.7599983215332,344.314697265625,102.07678985595703
218.1522979736328,94.91836547851562,122.35263061523438,38.68000030517578,338.5789794921875,101.94981384277344
210.66932678222656,94.68543243408203,118.62263488769531,35.43000030517578,343.0282287597656,99.46894073486328
215.2825164794922,96.25770568847656,117.91394805908203,36.779998779296875,351.8493957519531,101.18797302246094
211.85446166992188,96.02477264404297,116.36599731445312,35.400001525878906,347.496826171875,98.8927001953125
207.87789916992188,96.85943603515625,111.56365203857422,34.65999984741211,324.59283447265625,98.8340835571289
208.91612243652344,99.4022445678711,107.60987854003906,36.0099983215332,338.4435729980469,99.703369140625
214.36184692382812,97.32528686523438,107.63785552978516,37.720001220703125,343.2313232421875,100.3382339477539
217.6527862548828,97.616455078125,108.94334411621094,40.119998931884766,351.17236328125,101.61772155761719
203.21571350097656,98.35405731201172,107.86164093017578,40.31999969482422,346.02667236328125,101.29541778564453
197.44676208496094,99.8778076171875,111.95529174804688,39.91999816894531,350.1180725097656,102.76049041748047
199.5819854736328,100.28543853759766,114.8087387084961,39.79999923706055,354.4609375,102.53585052490234
205.63494873046875,101.24625396728516,116.4126205444336,40.93000030517578,359.82904052734375,104.81159973144531
204.91748046875,101.78975677490234,116.5165023803711,40.439998626708984,360.2759704589844,105.97388458251953
200.96633911132812,102.44971466064453,116.6676025390625,39.11000061035156,358.886474609375,105.75901794433594
190.8428497314453,100.80951690673828,114.17446899414062,37.439998626708984,346.9248962402344,104.01068878173828
188.9360809326172,99.90691375732422,114.11779022216797,37.849998474121094,339.61773681640625,105.34880065917969
183.59915161132812,98.53846740722656,113.5134048461914,38.029998779296875,334.96331787109375,105.26089477539062
188.13014221191406,96.60710144042969,114.68443298339844,39.90999984741211,331.9024658203125,107.04829406738281
190.21380615234375,94.81160736083984,114.80719757080078,39.439998626708984,326.4415588378906,106.91154479980469
182.6752471923828,93.92841339111328,113.6172866821289,36.83000183105469,311.85638427734375,105.7297134399414
173.94741821289062,91.3856201171875,110.68029022216797,36.119998931884766,308.7080993652344,103.6199951171875
173.75083923339844,91.39532470703125,111.97408294677734,36.380001068115234,308.33880615234375,104.02045440673828
169.3377685546875,92.29792022705078,110.67085266113281,36.400001525878906,303.4803161621094,103.27815246582031
171.62783813476562,92.34644317626953,112.90900421142578,36.56999969482422,307.406005859375,107.12641906738281
171.25436401367188,92.23969268798828,113.35285949707031,37.0,309.0287780761719,107.5464096069336
177.8395538330078,94.58838653564453,116.15764617919922,38.709999084472656,324.06085205078125,110.26168060302734
176.47335815429688,94.42339324951172,114.72219848632812,37.90999984741211,332.8644714355469,108.71846771240234
175.51998901367188,94.77278900146484,117.35699462890625,38.560001373291016,336.94561767578125,109.65611267089844
181.653076171875,95.84037780761719,118.33914947509766,40.029998779296875,349.77197265625,109.74402618408203
173.66236877441406,92.98699188232422,114.83552551269531,36.880001068115234,332.80615234375,105.13391876220703
171.72613525390625,92.47956085205078,117.01702880859375,37.66999816894531,322.5061950683594,105.7297134399414
165.6029052734375,90.93775939941406,112.70124816894531,35.310001373291016,314.07183837890625,104.1962661743164
166.69386291503906,91.66963195800781,114.39166259765625,34.79999923706055,317.11328125,103.32698822021484
165.74049377441406,91.58180236816406,114.1650161743164,35.209999084472656,312.9154968261719,102.94608306884766
166.2024383544922,90.85969543457031,114.42000579833984,36.029998779296875,317.443603515625,104.97764587402344
168.02072143554688,90.71331787109375,114.01393127441406,35.02000045776367,316.2581787109375,104.21580505371094
162.64443969726562,89.63014221191406,113.23009490966797,34.20000076293945,309.7283630371094,103.23907470703125
161.130859375,88.57624053955078,109.6414794921875,33.880001068115234,307.1825256347656,98.8243179321289
163.224365234375,88.87875366210938,110.160888671875,34.11000061035156,318.77484130859375,98.66802978515625
158.1331024169922,88.36155700683594,109.95313262939453,31.40999984741211,310.5057067871094,96.47042846679688
154.14266967773438,85.17059326171875,106.7328109741211,31.280000686645508,304.1896667480469,93.54027557373047
148.14720153808594,85.02421569824219,104.7685317993164,30.31999969482422,295.9302673339844,89.20365142822266
144.3140411376953,83.74586486816406,101.58599090576172,29.020000457763672,285.8343200683594,87.416259765625
154.4768524169922,88.2249526977539,105.19349670410156,30.889999389648438,305.0447692871094,91.65520477294922
153.47433471679688,89.37641906738281,107.4505386352539,31.93000030517578,308.1639099121094,92.47565460205078
153.552978515625,89.90337371826172,106.74226379394531,31.56999969482422,307.4254455566406,92.22169494628906
155.037109375,90.89871978759766,107.3466567993164,31.729999542236328,313.3722229003906,93.10076141357422
155.21400451660156,91.08412170410156,108.80098724365234,32.75,314.6451416015625,93.45237731933594
139.7535400390625,90.61573028564453,106.62893676757812,31.0,302.1005554199219,91.62824249267578
145.71951293945312,91.18171691894531,110.79361724853516,32.70000076293945,317.8226013183594,95.75704956054688
145.39520263671875,92.255126953125,111.57744598388672,34.0,318.8233947753906,96.27682495117188
148.1668701171875,92.89917755126953,113.16397857666016,33.7400016784668,330.8919372558594,96.74757385253906
150.6829833984375,92.59667205810547,113.97615051269531,35.439998626708984,334.0984802246094,96.92410278320312
151.1646270751953,92.66497802734375,115.01495361328125,35.90999984741211,342.6300048828125,96.3650894165039
149.6804656982422,92.5478744506836,114.70331573486328,36.0099983215332,342.9118347167969,96.64950561523438
147.42971801757812,92.65521240234375,113.69284057617188,34.66999816894531,340.4436950683594,96.54163360595703
150.44712829589844,93.92379760742188,114.95829772949219,33.9900016784668,342.2705078125,96.10030364990234
152.2850799560547,94.0213851928711,114.85441589355469,33.58000183105469,342.0955505371094,97.492919921875
153.18930053710938,94.4019546508789,115.39270782470703,33.880001068115234,348.9266357421875,97.57137298583984
154.1328582763672,95.36803436279297,116.9320297241211,35.7599983215332,354.4070129394531,98.54228973388672
150.6731719970703,95.13382720947266,115.70433807373047,33.869998931884766,347.77032470703125,97.90481567382812
151.2825469970703,96.32434844970703,125.49746704101562,34.2400016784668,348.460205078125,97.7871322631836
150.08343505859375,95.98280334472656,125.15750122070312,36.59000015258789,348.12982177734375,97.79693603515625
155.05674743652344,94.59712982177734,126.51739501953125,38.959999084472656,353.8919677734375,98.8266830444336
153.62176513671875,94.71421813964844,126.80072021484375,38.08000183105469,352.69677734375,98.44420623779297
152.02951049804688,94.37268829345703,126.85736846923828,37.38999938964844,354.5819091796875,99.01302337646484
162.4184112548828,92.50885009765625,126.90458679199219,38.2400016784668,376.74627685546875,100.69004821777344
163.58799743652344,93.51394653320312,126.9423599243164,38.220001220703125,374.7056884765625,100.71946716308594
163.66664123535156,91.59156799316406,126.64016723632812,39.599998474121094,376.4645080566406,101.07252502441406
168.31558227539062,92.47956085205078,127.66950988769531,39.470001220703125,385.7636413574219,101.42558288574219
171.1953887939453,93.28951263427734,128.00950622558594,39.369998931884766,398.570556640625,101.89633178710938
171.25436401367188,93.32853698730469,128.73667907714844,41.52000045776367,399.4742431640625,102.93588256835938
168.0109100341797,94.39220428466797,127.24629211425781,39.380001068115234,395.6802673339844,102.37686920166016
168.2083282470703,93.2699966430664,127.74309539794922,38.58000183105469,395.4263610839844,102.50436401367188
167.240966796875,93.87500762939453,128.01058959960938,38.58000183105469,394.4888610839844,103.37721252441406
168.68211364746094,94.62639617919922,129.97866821289062,40.400001525878906,401.1003112792969,104.9365463256836
167.9812774658203,95.57295989990234,131.38307189941406,41.68000030517578,400.9635925292969,105.48574829101562
168.59329223632812,96.13893127441406,130.38946533203125,42.22999954223633,400.2213439941406,104.56387329101562
168.21820068359375,97.57341003417969,131.87030029296875,41.9900016784668,408.1805114746094,105.30921173095703
168.72158813476562,99.72999572753906,132.51039123535156,41.959999084472656,406.5105285644531,104.44618225097656
169.80738830566406,97.466064453125,131.84164428710938,42.209999084472656,411.6766357421875,104.72078704833984
168.8499298095703,96.9879150390625,131.6887969970703,41.529998779296875,407.79962158203125,104.55406188964844
170.7352294921875,97.14403533935547,133.03585815429688,42.56999969482422,414.1180725097656,105.3680648803711
171.9789581298828,96.72443389892578,133.23648071289062,42.75,416.8720397949219,104.86790466308594
172.07766723632812,96.3048324584961,133.48487854003906,42.959999084472656,416.77435302734375,104.8777084350586
172.61068725585938,95.73884582519531,132.9594268798828,41.31999969482422,425.2413024902344,105.34844970703125
170.9129180908203,96.59757995605469,131.96585083007812,40.880001068115234,429.6554260253906,105.66226959228516
172.70938110351562,95.56320190429688,132.98806762695312,41.58000183105469,430.29998779296875,106.79991149902344
173.57803344726562,95.48512268066406,132.25244140625,41.060001373291016,422.55572509765625,106.89797973632812
173.2621612548828,95.96328735351562,131.72698974609375,39.9900016784668,420.0458984375,106.75086975097656
172.26522827148438,95.88522338867188,130.8671417236328,37.93000030517578,414.5184631347656,106.87836456298828
170.2713165283203,95.09480285644531,129.3194580078125,37.83000183105469,412.6629638671875,105.77996063232422
170.676025390625,95.23141479492188,129.06149291992188,38.650001525878906,412.6434631347656,105.89765167236328
176.58860778808594,96.09991455078125,131.56459045410156,39.029998779296875,390.6411437988281,107.44717407226562
178.57266235351562,95.99256134033203,132.109130859375,39.25,366.6173095703125,108.3003921508789
179.36231994628906,96.63661193847656,132.3766326904297,38.83000183105469,368.30682373046875,109.97742462158203
181.35621643066406,96.36190795898438,132.59637451171875,38.40999984741211,364.55670166015625,110.1833724975586
183.71533203125,96.5581283569336,133.20782470703125,39.540000915527344,370.1134338378906,111.330810546875
185.59080505371094,97.77467346191406,133.95301818847656,39.61000061035156,363.5606384277344,111.36023712158203
184.12005615234375,97.96107482910156,134.2205352783203,40.369998931884766,364.6836853027344,110.49720001220703
185.72898864746094,96.77396392822266,133.3702392578125,40.130001068115234,367.3497619628906,108.63384246826172
192.56942749023438,97.18600463867188,135.1281280517578,43.9900016784668,363.9707946777344,109.6635971069336
188.58164978027344,96.42076873779297,133.2269287109375,41.619998931884766,353.68743896484375,107.34910583496094
186.30148315429688,96.31285095214844,132.96897888183594,40.54999923706055,361.783203125,106.93720245361328
184.37667846679688,96.46001434326172,133.9625701904297,40.31999969482422,361.7051086425781,107.3883285522461
186.03497314453125,95.37100982666016,133.02630615234375,39.22999954223633,365.4454040527344,106.87836456298828
186.28173828125,95.29252624511719,133.67596435546875,39.34000015258789,365.6700439453125,107.05489349365234
187.49586486816406,95.6849594116211,134.80331420898438,41.33000183105469,372.486572265625,107.19218444824219
188.7692108154297,95.96946716308594,136.90513610839844,42.25,382.3695373535156,109.54590606689453
191.51329040527344,95.10612487792969,136.61851501464844,42.439998626708984,381.5979919433594,108.8593978881836
192.82611083984375,95.35140228271484,137.2203826904297,43.900001525878906,375.728759765625,108.42788696289062
193.16168212890625,96.25399017333984,136.4083251953125,42.88999938964844,386.5883483886719,108.3786849975586
194.4547576904297,96.96037292480469,136.88601684570312,43.31999969482422,382.7503356933594,109.20539855957031
197.51470947265625,97.3528060913086,136.99110412597656,42.900001525878906,365.7481689453125,108.94951629638672
196.92247009277344,96.8230209350586,135.76821899414062,41.720001220703125,360.3965148925781,108.11295318603516
198.02798461914062,97.71580505371094,136.6376190185547,42.16999816894531,356.39251708984375,108.41806030273438
196.37957763671875,98.89311218261719,137.3636932373047,42.279998779296875,361.49029541015625,108.11295318603516
196.3006134033203,99.63871765136719,137.90826416015625,42.0099983215332,370.74822998046875,109.15619659423828
196.6559600830078,100.49227142333984,137.4783477783203,41.81999969482422,366.6661071777344,108.78219604492188
196.6757049560547,100.9828109741211,138.66302490234375,42.7599983215332,372.7795104980469,110.11084747314453
200.50558471679688,101.20845794677734,132.90211486816406,43.150001525878906,368.6778869628906,109.99275970458984
201.2261505126953,101.22807312011719,134.06765747070312,43.400001525878906,371.1681823730469,111.87254333496094
201.8874969482422,100.43340301513672,132.69192504882812,43.400001525878906,366.3829650878906,110.55374145507812
204.7993621826172,101.12015533447266,134.17274475097656,42.77000045776367,365.25982666015625,112.16780853271484
204.48350524902344,101.57145690917969,133.70460510253906,43.029998779296875,366.6661071777344,112.21701049804688
202.6278076171875,101.56163787841797,132.4435272216797,42.75,373.834228515625,114.04759979248047
201.66046142578125,99.60929107666016,133.21737670898438,42.099998474121094,371.87127685546875,115.74040222167969
201.96646118164062,99.63871765136719,132.84478759765625,42.11000061035156,370.17205810546875,114.9136962890625
198.07736206054688,100.8945083618164,134.01034545898438,42.060001373291016,368.8439025878906,115.37625885009766
207.80010986328125,99.4425048828125,134.28738403320312,41.900001525878906,367.9747619628906,115.16957092285156
206.4477996826172,99.2364730834961,133.36068725585938,42.560001373291016,366.9981689453125,115.39594268798828
209.01422119140625,100.14889526367188,133.99124145507812,43.33000183105469,367.6427001953125,117.46273803710938
205.78646850585938,100.52169036865234,134.1154327392578,42.130001068115234,362.89654541015625,117.45288848876953
200.23907470703125,99.38365173339844,131.49771118164062,40.2599983215332,348.86309814453125,116.35060119628906
200.27853393554688,98.40255737304688,131.84164428710938,39.75,351.3240661621094,115.63214874267578
198.126708984375,98.17571258544922,130.83624267578125,39.27000045776367,347.82257080078125,115.4057846069336
195.38197326660156,100.51322937011719,130.81692504882812,38.939998626708984,348.35296630859375,116.58679962158203
184.0264892578125,98.52090454101562,127.04669189453125,37.380001068115234,331.361083984375,114.06729125976562
186.93966674804688,98.91543579101562,128.87379455566406,38.5099983215332,336.93011474609375,115.15973663330078
189.17906188964844,98.51104736328125,129.92752075195312,38.40999984741211,339.48382568359375,115.7994613647461
188.3467254638672,99.92144775390625,131.3582763671875,37.310001373291016,347.5082702636719,117.94497680664062
187.27658081054688,99.47762298583984,129.85020446777344,36.060001373291016,348.69671630859375,117.18716430664062
181.42047119140625,100.1285629272461,130.62356567382812,34.619998931884766,346.5064697265625,117.94497680664062
184.89846801757812,99.73405456542969,131.9093017578125,35.63999938964844,352.36029052734375,118.64376068115234
181.11328125,100.82884216308594,131.81265258789062,34.72999954223633,346.4966125488281,118.11229705810547
178.02174377441406,100.46391296386719,127.98440551757812,33.81999969482422,344.30633544921875,116.55728149414062
177.33804321289062,101.26280212402344,127.87806701660156,34.0,348.578857421875,117.62020111083984
176.6047821044922,101.0162353515625,126.11865234375,32.939998626708984,348.5592346191406,116.3013916015625
175.7625274658203,100.72035217285156,125.374267578125,33.290000915527344,342.5874938964844,115.15973663330078
176.6741485595703,100.78939056396484,125.25825500488281,33.31999969482422,343.638427734375,114.89401245117188
173.47360229492188,100.04966735839844,122.76410675048828,32.61000061035156,335.52557373046875,112.89611053466797
171.7197265625,100.56254577636719,124.00151824951172,32.689998626708984,332.8540344238281,112.80752563476562
178.00192260742188,101.1543197631836,128.27444458007812,34.4900016784668,338.4819641113281,115.00225830078125
180.87545776367188,102.98881530761719,127.1143798828125,33.34000015258789,342.53839111328125,116.25218963623047
183.53103637695312,103.66936492919922,127.820068359375,33.470001220703125,344.394775390625,117.54146575927734
188.41607666015625,104.6063461303711,128.87379455566406,33.9900016784668,347.4002685546875,119.19490051269531
190.8239288330078,106.04634094238281,130.25621032714844,34.939998626708984,347.4984436035156,120.72039794921875
193.03358459472656,106.46058654785156,131.4259490966797,34.84000015258789,343.1080627441406,121.28137969970703
192.41925048828125,107.32852172851562,130.3818817138672,32.959999084472656,340.8490295410156,120.10034942626953
192.3795928955078,107.16085052490234,131.2422637939453,33.380001068115234,342.64642333984375,119.93304443359375
190.9824676513672,107.5750961303711,130.65257263183594,32.65999984741211,340.9767150878906,120.07083129882812
192.12197875976562,107.66386413574219,130.459228515625,32.43000030517578,348.578857421875,119.52952575683594
196.64039611816406,108.14714050292969,131.84164428710938,34.290000915527344,367.29937744140625,121.47821044921875
196.06568908691406,108.1175537109375,132.51834106445312,33.939998626708984,361.9955749511719,122.70845031738281
197.6411895751953,108.8079605102539,134.2294464111328,34.150001525878906,368.2030029296875,122.94466400146484
196.96737670898438,109.60685729980469,134.56777954101562,33.25,365.2171325683594,122.75765991210938
196.7692108154297,109.71534729003906,134.7128143310547,33.189998626708984,367.3288269042969,122.17699432373047
193.7866668701172,109.20247650146484,133.7557373046875,32.68000030517578,362.74200439453125,121.21249389648438
197.97808837890625,108.65016174316406,133.91043090820312,37.040000915527344,368.26190185546875,121.63568115234375
197.91864013671875,108.59097290039062,133.91043090820312,38.06999969482422,357.5364074707031,121.98014831542969
196.11521911621094,108.97562408447266,133.31105041503906,38.59000015258789,357.5265808105469,121.4880599975586
199.71214294433594,109.10385131835938,135.2251739501953,40.11000061035156,350.111083984375,122.94466400146484
200.88136291503906,110.0704116821289,135.55384826660156,39.599998474121094,347.85205078125,123.1218032836914
202.54605102539062,110.7805404663086,136.82992553710938,39.59000015258789,348.156494140625,124.25716400146484
202.36767578125,110.4452133178711,136.67526245117188,39.41999816894531,349.521728515625,123.80301666259766
198.19607543945312,111.17506408691406,135.8922119140625,40.40999984741211,344.8661804199219,123.26002502441406
199.40496826171875,111.33287048339844,134.69346618652344,41.349998474121094,346.8011169433594,124.2966537475586
201.37681579589844,111.43150329589844,135.7955322265625,42.900001525878906,346.025146484375,125.2740478515625
199.91030883789062,112.3586196899414,136.53993225097656,43.47999954223633,352.6058349609375,125.6590805053711
201.44618225097656,113.029296875,137.99000549316406,44.5099983215332,358.8230895996094,126.33041381835938
203.33876037597656,113.40409088134766,138.5507049560547,44.400001525878906,355.1693420410156,126.93266296386719
202.63522338867188,113.1871109008789,138.7537078857422,43.060001373291016,356.2890319824219,126.42914581298828
201.49571228027344,113.029296875,138.30902099609375,43.369998931884766,362.9384765625,125.46163177490234
203.78465270996094,113.14765930175781,144.6507110595703,44.66999816894531,354.67822265625,126.76481628417969
200.74264526367188,112.33889770507812,144.69903564453125,45.52000045776367,370.6387939453125,123.23041534423828
205.33042907714844,111.27369689941406,144.75704956054688,47.189998626708984,366.76904296875,124.39537811279297
206.93563842773438,110.55370330810547,145.3757781982422,46.95000076293945,366.4252624511719,126.5673599243164
206.7672119140625,110.46493530273438,145.0373992919922,47.9900016784668,354.9925537109375,126.32054138183594
205.13226318359375,110.68192291259766,145.3854217529297,47.77000045776367,341.8901672363281,125.53073120117188
205.84568786621094,111.47095489501953,146.32315063476562,47.4900016784668,338.8551940917969,125.16543579101562
207.7679901123047,110.73123168945312,145.85911560058594,46.81999969482422,334.1504821777344,125.57023620605469
206.87619018554688,110.52411651611328,144.7860565185547,47.459999084472656,341.2713623046875,124.8593978881836
211.0973663330078,108.86713409423828,143.30697631835938,44.88999938964844,335.10321044921875,122.7861328125
